YEAR_MONTH_NBR,MONTH_END,CHANNEL_GROUP,SALES_CHANNEL_NM,RELEASE_INDICATOR,NRPA_NET_REV_RSTRT_TGT,NRPA_NET_REV_NEWCONN_TGT,NRPA_NET_REV_DWNTR_TGT,NRPA_NET_REV_DWNGRD_TGT,NRPA_NET_REV_DISC_TGT,NRPA_NET_REV_UPTR_TGT,NRPA_NET_REV_UPGD_TGT,NRPA_NET_REV_TRANS_TGT,ACCT_CHG_DISC_TGT,ACCT_CHG_DWNGRD_TGT,ACCT_CHG_DWNTR_TGT,ACCT_CHG_NEWCONN_TGT,ACCT_CHG_RSTRT_TGT,ACCT_CHG_UPGD_TGT,ACCT_CHG_UPTR_TGT,ACCT_CHG_TRANS_TGT,BASIC_SELLIN_CONN_TGT,DATA_SELLIN_CONN_TGT,HL_SELLIN_CONN_TGT,COMPL_PSU_CONN_TARGET,COMPL_PSU_DISC_TARGET,SELLIN_CUST_TGT
202301,2023-01-31 00:00:00,Online,Cox.com,2024LRP,,,,,,,,,,,,,,,,,,,,14784.2537958725,,
202301,2023-01-31 00:00:00,Online,Cox.com,2024LRP,,,,,,,,,,,,,,,,,,,,41536.7130455466,,
202301,2023-01-31 00:00:00,Lead Referral,,2024LRP,17903.7785674579,205893.453525765,-13127.3755770293,-7064.75215213564,-153303.519369551,56357.604154364,7293.05487116732,249.156161148315,1703.37243743946,244.743454036211,283.221747854836,3580.4820959239,228.541410378121,276.179205386871,1071.86307515916,133.630064975544,2849.28920951645,,,1025.42416386638,-809.482526741486,
202301,2023-01-31 00:00:00,Other,,2024LRP,2774.88510973779,31911.1787619845,-85250.8191524204,-52237.1753843353,-102514.556225575,145293.341384304,9671.8128735278,-83389.4908111667,1116.36875686148,1328.27539136741,3441.21,470.843760026747,30.0538570229839,271.903985489241,4843.11137947681,390.817576963652,445.857597006692,,,901.79281683704,-37637.5450594233,
202301,2023-01-31 00:00:00,Sales Operations,,2024LRP,467.650075450318,5377.97586767865,-16285.3484012845,-28659.5281730544,-97680.9738552741,82393.8999913993,136.807036724147,-45694.1109838811,1161.8729181466,453.085191807542,688.23016117842,60.2847669716983,3.84796384925734,3.42017591810366,6623.85077060013,2.68603145679486,34.6780918150351,,,31.3672201002362,-3417.93999266736,
202301,2023-01-31 00:00:00,Inbound,,2024LRP,183112.37380969,2105792.29881144,-34483.7392226065,-3787.94710443133,-194570.376478851,325498.31855,232469.597961243,-28049.3852459763,2026.77475498803,288.115711713514,1376.484,23357.3534640205,1490.89490195876,3760.03024864583,11224.07995,14024.6926229881,7774.58819779349,,,42209.0880617734,-14058.0165162124,
202301,2023-01-31 00:00:00,Retail,,2024LRP,126458.792396356,1454276.11255809,-523424.437531869,-585136.645012253,-2099862.4836,290244.212652325,88897.4518756648,-921.061783547067,18495.0753460123,8036.29072410723,18303.1753792414,19037.9136195983,1215.18597571904,7255.80060497938,10173.5193314787,3246.4783667306,9789.10071806408,,,34213.1666666667,-42266.7871948202,
202301,2023-01-31 00:00:00,Retention,,2024LRP,14754.0391891228,169671.450674912,-2389970.97531429,-1112704.73744864,-4650359.99806589,809689.392744272,30691.8036450827,-10908.6452539081,43461.3083931392,14265.4453519056,76733.632206584,1770.9233024,113.0376576,2046.12024300552,20359.4801656458,1212.07169487868,615.490234861629,,,6685.72,-79900.1235600491,
202301,2023-01-31 00:00:00,Outbound,,2024LRP,966.056832803834,11109.6535772441,-25269.460911335,-3790.88247687056,-10948.5893982201,3748.23283951362,3971.51682654177,172.949728315225,94.0419333225702,61.1858635090528,1376.484,194.931366924692,12.4424276760442,157.328092232768,149.929313580545,6.04357077778844,34.2398576853396,,,597.82231249862,-165.596761656449,
202301,2023-01-31 00:00:00,Online,Cox.com,2024LRP,220660.474881267,2537595.46113458,-738420.47081349,-325194.345,-360085.812267261,659496.4258,125330.7952776,-21568.9932111641,3758.037,4645.63349999999,27529.68,37509.370558,2394.215142,1892.6655,19396.9537,7189.66440372135,4063.73354866094,,,,-21738.5704931994,
202301,2023-01-31 00:00:00,Field Sales,,2024LRP,23223.381587063,267068.888251225,-25285.5092422298,-26402.1506580874,-139515.767582449,17922.4712352533,6523.98556378273,643.976041766567,679.559144631902,281.888694718416,679.074805823294,1490.20861380756,95.1196987536744,234.863480296178,280.525636725703,231.831375035964,800.374137466551,,,3509.7632161831,-4367.01154311869,
202301,2023-01-31 00:00:00,Care,,2024LRP,5091.50204917805,58552.2735655476,-112555.628004241,-45145.695078406,-50115.2496286729,568215.293893034,7362.69820329971,228.265668277069,357.966068776235,604.888093678104,5505.936,529.201232489099,33.7788020737722,110.300673358843,33424.4290525315,25.5172988395511,294.248666701211,,,776.165255204999,-1593.38172273177,
202301,2023-01-31 00:00:00,Field Sales,,2024LRP,35593.2838406239,409322.764167176,-6332.64938810559,-5305.35651945584,-73086.5086480868,15730.7414012009,28505.2680797595,1297.35319363192,803.148446682274,106.107130389117,244.668979318016,5028.17768403583,320.947511746968,602.80600556577,582.620051896328,1297.35319363192,2259.78532190023,,,7348,-2815.54462937992,
202301,2023-01-31 00:00:00,Retail,,2024LRP,10996.4167301179,126458.792396355,-42906.4728288582,-49142.3169575873,-177379.3464,25238.6271871587,7730.21320657953,-80.0923290040927,1503.2148,655.230892767831,1486.60272,1425.10033580158,90.9638512213778,594.631785121502,841.287572905289,246.4638,,,,3576.64,,
202302,2023-02-28 00:00:00,Online,Cox.com,2024LRP,,,,,,,,,,,,,,,,,,,,13636.2769532892,,
202302,2023-02-28 00:00:00,Online,Cox.com,2024LRP,,,,,,,,,,,,,,,,,,,,38311.444773527,,
202302,2023-02-28 00:00:00,Lead Referral,,2024LRP,12540.08,144210.92,-11884.6528728954,-10516.8010930779,-166981.355412577,45424.1133287572,8290.72545284003,661.836064159092,1614.90672546012,226.41121836551,262.007338467713,3224.2,205.8,255.492309794762,991.576366050147,134.778747482497,2575.97320448601,,,947.527927657796,-766.079032923676,
202302,2023-02-28 00:00:00,Other,,2024LRP,2164.8,24895.2,-254676,-73726.9442082625,-126960,89606.870379869,5030.74640958108,-82777.1784789488,1058,1228.78240347104,3183.45,423.940000000001,27.06,251.537320479054,4480.34351899345,394.177040375947,422.594854299478,,,833.288222595102,-35619.464495189,
202302,2023-02-28 00:00:00,Sales Operations,,2024LRP,437.140826739927,5027.11950750916,-15228.9783795849,-36738.2652673927,-100514.641890337,57477.8129671122,134.975875366496,-16354.9607749113,1101.53032208589,419.147350455137,636.679047952157,54.52,3.48,3.16399145256672,6127.69861056634,2.70912055241201,31.3752767966733,,,28.9844126023889,-3234.67410064304,
202302,2023-02-28 00:00:00,Inbound,,2024LRP,163699.339444703,1882542.40361409,-33454.8477844701,-4673.76294196927,-185111.158292904,316588.4253475,229817.185889282,-39464.585276228,1921.51294155204,266.534725417625,1273.38,21031.56,1342.44,3478.38937322964,10383.35275,13655.5658395253,7205.82992228548,,,39044.074547166,-13304.2423298711,
202302,2023-02-28 00:00:00,Retail,,2024LRP,111221.762874354,1279050.27305507,-616595.097433681,-562794.52996606,-2145135.38255206,237407.854404897,63798.3524892393,2214.2320760805,17299.4788915489,7034.93162457574,16664.7323630725,15557.8061163531,993.051454235302,7088.7058321377,9131.07132326527,3163.18868011499,8962.28661851868,,,31453.3666666667,-40000.4921531053,
202302,2023-02-28 00:00:00,Retention,,2024LRP,13025.28,149790.72,-3098090.16,-1226450,-4495476.53,913448.999999999,17661.69,-12220,41204,12910,69714,1594.24,101.76,1893,18834,1222,580.261582402924,,,6177.84,-75615.9736192952,
202302,2023-02-28 00:00:00,Outbound,,2024LRP,470.342399999999,5408.9376,-53481.96,-2882.78083783885,-10485.98,1683.80616878375,1030.44873627193,279.171850654473,89,56.6028045913774,1273.38,175.78,11.22,145.543606818069,138.699025435235,6.09552124292702,30.9347712930291,,,552.408804892588,-156.717659534581,
202302,2023-02-28 00:00:00,Online,Cox.com,2024LRP,198684.64,2284873.36,-717265.000000001,-320892,-341385,616953,115943,-23223,3562.861,4584.168,26740.98,33774.2,2155.8,1750.8975,18145.665,7741.14955704134,3768.39694797754,,,,-20572.9741043462,
202302,2023-02-28 00:00:00,Field Sales,,2024LRP,9762.048,112263.552,-12600,-15042.24,-44692.56,4038.06,14239.54,2555.4465195616,513,216,360,2707.2,172.8,238,167,315,731.711073417668,,,3497.67456348013,-4132.85755924327,
202302,2023-02-28 00:00:00,Care,,2024LRP,4145.63759999999,47674.8324,-125096.8512,-39360.8308321747,-49048.0204719862,439284.430501253,6603.9462396263,-46.7517379466031,339.374877300614,559.579625137541,5093.51999999999,476.58,30.42,102.038724345277,30719.1909441436,25.7366452479141,266.324437108998,,,717.203945157088,-1507.94648297386,
202302,2023-02-28 00:00:00,Field Sales,,2024LRP,26376.9912,303335.3988,-73773.6,-27101.28,-139402,31746,44286,-2650.24385725748,1483,430.999999999999,1180,3813.58,243.42,670.999999999999,813.999999999999,1212,2082.4517688977,,,7065,-2664.57846287478,
202302,2023-02-28 00:00:00,Retail,,2024LRP,9828.28799999998,113025.312,-47124,-62342.1601371069,-157626.21,22437.6183871079,929.346751406159,-497.178035559505,1407,904.820901844802,1386,1283.1376,81.9024,153.10490138487,1068.45801843371,107,,,,3363.04,,
202303,2023-03-31 00:00:00,Online,Cox.com,2024LRP,,,,,,,,,,,,,,,,,,,,15500.8320011927,,
202303,2023-03-31 00:00:00,Online,Cox.com,2024LRP,,,,,,,,,,,,,,,,,,,,43549.9565747794,,
202303,2023-03-31 00:00:00,Lead Referral,,2024LRP,10993.8265933871,126429.005823952,-14699.6493441626,-10413.2068311382,-188784.518180155,56058.9362267411,8477.61751779059,833.271749647672,1876.07448094931,262.025938781634,303.221365642976,3672.58,234.42,295.68151617552,1147.5523609812,163.312020955212,2941.81823782625,,,1086.36322933538,-871.652583903785,
202303,2023-03-31 00:00:00,Other,,2024LRP,4278.0901462094,49198.036681408,-175122.357343709,-60125.0141399833,-128909.113756018,177512.426485542,8673.00454152457,-86912.5085061512,1229.55549241201,1422.07115509653,2947.368,483.16,30.84,291.10440292203,5185.1062200163,477.626111537355,495.728746057062,,,955.384699534145,-40528.1921709948,
202303,2023-03-31 00:00:00,Sales Operations,,2024LRP,514.577708615385,5917.64364907692,-18240.6737401698,-41122.9047765827,-108680.649102742,80632.7490616472,182.719174788385,-25524.8597619557,1279.67324346141,485.079665149545,736.829325183627,62.04,3.96,3.66169060279283,7091.59198292249,3.28265368754196,35.8471650388708,,,33.2313160974102,-3680.44538061787,
202303,2023-03-31 00:00:00,Inbound,,2024LRP,178562.036,2053463.414,-42589.4676,-5521.45038341502,-219230.844957319,354491.616025,257634.793201014,-88934.0966101869,2232.26601117318,308.460915274582,1473.684,23005.56,1468.44,4025.54364376584,12016.66495,16199.289000034,8357.08306822184,,,44099.0918765395,-15137.7034291834,
202303,2023-03-31 00:00:00,Retail,,2024LRP,125206.4,1439873.6,-695632.736444776,-664131.182731337,-2348762.61175127,287250.560882523,58562.2419402852,-1707.78877226473,19095.6309898477,8099.1607650163,18306.1246432836,16717.9,1067.1,7320.28024253565,10638.9096623157,3415.57754452946,10267.7999241201,,,36792.7989459167,-45512.9703910733,
202303,2023-03-31 00:00:00,Retention,,2024LRP,15464,177836,-3502800,-1143611.3474486,-4614941,980872.140598317,15334.2448218457,-36736.1774172821,41204,13946.4798469341,84000.0000000001,1817.02,115.98,2190.60640312081,21797.1586799626,1481.29747650331,678.683052437034,,,7083.04,-86036.6306308056,
202303,2023-03-31 00:00:00,Outbound,,2024LRP,548.093254438735,6303.07242604546,-52511.4456704179,-3177.35031061547,-11288.5050213084,2264.39710061535,1151.65412585149,285.04808658167,103.576685502099,65.5064846954087,1473.684,200.22,12.78,168.43776772847,160.516526566696,7.38597079696942,35.314304020572,,,633.349789150641,-178.314960997348,
202303,2023-03-31 00:00:00,Online,Cox.com,2024LRP,214647.572139777,2468447.07960744,-1302206.77180458,-466066.813603682,-382166.295465772,789363.017208407,138406.856550327,-38096.8391326358,4139.058,6299.9991,36842.1,38477.96,2456.04,2026.3155,21233.3303,9727.20830378298,4371.6120657786,,,,-23408.1410219533,
202303,2023-03-31 00:00:00,Field Sales,,2024LRP,11896.56,136810.44,-12793.8616102294,-17230.1098499643,-66486.3535816697,6505.92880586395,21950.0627060348,2643.73957738758,755.526745246246,263.296196497247,441.167641732049,3409.38,217.62,304.852694953812,232.354600209427,434.847254608945,841.085023619063,,,4058.47031435398,-4702.40773549482,
202303,2023-03-31 00:00:00,Care,,2024LRP,4875.94186424097,56073.3314387712,-133690.375101714,-45194.8991716375,-56488.0940857648,660660.919050143,7940.26118408197,-337.77036826002,394.259641588634,647.602082874863,5894.736,543.319999999999,34.6800000000001,118.089521940069,35318.0183682603,31.1852100316486,304.351024451344,,,822.291323780718,-1715.75698039466,
202303,2023-03-31 00:00:00,Field Sales,,2024LRP,41833.1199999999,481080.879999999,-101216.461803096,-42580.8636818674,-205353.572813184,50252.4911602939,73363.6768972953,-6358.71452979771,2208.1029334751,688.620821608184,1840.29930551083,5994.38,382.62,1038.98775627116,1225.67051610473,1937.69069806201,2404.72254489501,,,8084,-3031.78471458123,
202303,2023-03-31 00:00:00,Retail,,2024LRP,11217.6,129002.4,-60367.1555552238,-51558.2011615145,-185560.445177665,13015.2924858739,637.488859983851,-3844.80531017598,1599.65901015228,669.587028071617,1588.60935671642,1464.52,93.48,637.488859983851,619.77583266066,349.527755470544,,,,3882.08,,
202304,2023-04-30 00:00:00,Online,Cox.com,2024LRP,,,,,,,,,,,,,,,,,,,,15089.9879293914,,
202304,2023-04-30 00:00:00,Online,Cox.com,2024LRP,,,,,,,,,,,,,,,,,,,,42395.6803730521,,
202304,2023-04-30 00:00:00,Lead Referral,,2024LRP,7272.1789862866,83630.0583422961,-8606.69512941689,-8069.22030471007,-39848.8281954763,29299.3890507559,1521.92352822408,93.4565442268903,385.856407880158,294.974735690974,179.744153795497,3215.07865506417,205.217786493457,72.3561635513424,604.613589012819,12.2088643385765,2823.14253991779,,,1046.43657695722,-830.354512378549,
202304,2023-04-30 00:00:00,Other,,2024LRP,5397.82275452441,62074.9616770307,-698173.374432855,-76315.3251540426,-106887.377657384,170631.137166593,8858.67732489861,-42817.1615378701,993.533677179813,1737.75725486048,10894.5012826666,669.387783813205,42.7268798178642,285.213419336734,5597.92090170542,275.548071982944,486.685275792225,,,920.271846157243,-38608.0049198193,
202304,2023-04-30 00:00:00,Sales Operations,,2024LRP,204.082237623832,2346.94573267407,-15777.2864967478,-28708.5364076486,-54965.9669623839,84550.0688170968,310.850576299469,-41890.9998555416,665.677460577148,342.501338367634,494.951154151062,25.0950715496812,1.60181307763923,9.39573474665743,7413.98680805207,6.45455153192284,34.4143422741586,,,32.0099794670258,-3506.06937419023,
202304,2023-04-30 00:00:00,Inbound,,2024LRP,172655.666976192,1985540.17022621,-48682.0308687252,-3840.1460541081,-355916.6,316990.951933817,236422.649774132,-70241.4999999999,3670,213.34144745045,1570.38809253952,21698.96,1385.04,3654.13678167129,11122.4895415374,14335,8223.38088973865,,,42983.9707909093,-14420.4934185776,
202304,2023-04-30 00:00:00,Retail,,2024LRP,138652.670166115,1594505.70691033,-744435.763503438,-793513.529616141,-2417427.9186625,329478.480318658,70269.1653117928,7178.91445270503,20062.9754271942,10043.438112659,22024.6222658767,17406.7754247884,1111.070771795,8137.4220930164,10485.8941651759,4275.34212151135,9670.91244664878,,,34120.0161850211,-43356.6090823985,
202304,2023-04-30 00:00:00,Retention,,2024LRP,16395.7084813557,188550.647535591,-2330441,-1092637.84498811,-4802126.92542264,1107559.53,33037.6902813435,-14646.1532268948,44145,14491.2181032905,78997.9999999999,1682.52903629633,107.395470401894,2323.3256175347,20259,1464.61532268948,664.677320303896,,,6219.56677190606,-81960.296789554,
202304,2023-04-30 00:00:00,Outbound,,2024LRP,747.189073679579,8592.67434731516,-45819.8844595893,-2348.19013713673,-2891.76991644094,12460.2857517384,687.019007660559,3513.74643822163,23.8819447193232,43.4656220568856,1280.55025945401,286.519004502221,18.2884470958864,119.061427147378,987.43359683697,136.51461965191,33.878093121773,,,610.072549842139,-169.866567509764,
202304,2023-04-30 00:00:00,Online,Cox.com,2024LRP,213997.485880917,2460971.08763055,-1317762.46913394,-348140.811107081,-206486.361513729,680855.553438116,98799.3430745721,-65608.0832126254,2233.1323542042,4554.47157605796,37951,39044.5723462854,2492.20674550758,1440.31208397035,18188,11571.0905136906,4251.15044970413,,,,-22299.0855335064,
202304,2023-04-30 00:00:00,Field Sales,,2024LRP,10742.1612134755,123534.853954968,-1668.60119601429,-556.050108691814,-29642.1876996343,3080.37843643808,2828.17842991007,2732.59569389852,353.634873682437,8.60952597984927,54.1242328591045,2931.66648756558,187.127648142484,40.7312640899032,102.690427097629,431.759506922207,811.710796060822,,,3967.23928674913,-4479.61212335822,
202304,2023-04-30 00:00:00,Care,,2024LRP,5666.82327845519,65168.4677022347,-137284.195011243,-34450.6026595815,-50767.8039985614,441148.710407123,16416.0720816661,-287.959199275949,363.662171328987,493.648720466903,6018.59051473769,647.12292744188,41.3057187728861,242.758277385353,22711.3377450463,23.079861795206,292.24246720506,,,792.069995451836,-1634.4660442984,
202304,2023-04-30 00:00:00,Field Sales,,2024LRP,35378.76014436,406855.74166014,-12161.380746016,-2739.88358155427,-85744.7782299423,20192.056295863,11264.4380806642,-5114.90838286442,931.402232321491,42.320382804853,242.34389148982,4863.88139180904,310.46051437079,148.316772560599,445.739214404616,1715.41536486519,2329.860771347,,,8147,-2888.14163440915,
202304,2023-04-30 00:00:00,Retail,,2024LRP,12132.9997492663,139529.497116563,-59923.9905221266,-54689.6708988929,-181923.340626552,17990.1751892058,222.829314850769,-1845.52250478327,1687.49332675335,794.757803329048,1874.56089055955,1463.06950364641,93.3874151263665,635.390625618685,635.178577642112,416.509720617657,,,,3662.88,,
202305,2023-05-31 00:00:00,Online,Cox.com,2024LRP,,,,,,,,,,,,,,,,,,,,15632.1009819258,,
202305,2023-05-31 00:00:00,Online,Cox.com,2024LRP,,,,,,,,,,,,,,,,,,,,43918.7599016011,,
202305,2023-05-31 00:00:00,Lead Referral,,2024LRP,9924.4714572758,114131.421758672,-17859.1976744775,-6448.25210899606,-69432.1696174173,29326.8575616088,1646.33132780146,284.687439280168,716.029853775147,527.000000000001,380,3833.92967579748,244.718915476435,110.930163404255,673.842503844607,15.3303152998169,3033.63574792995,,,1089.61478522973,-880.508540655605,
202305,2023-05-31 00:00:00,Other,,2024LRP,4492.77784685189,51666.9452387967,-678792.8,-95676.8480416718,-123881.160262887,134604.701703265,8520.71677014888,-55845.2048860426,1149.38052535234,2134,10316,645.936674095507,41.2300004741812,274.954242085987,4621.86699830676,388.370680342321,514.057108781924,,,1013.45622815888,-40939.9570458127,
202305,2023-05-31 00:00:00,Sales Operations,,2024LRP,245.050249228671,2818.07786612972,-16996.072228845,-22639.0427665606,-66002.1415688607,75017.3577713957,351.536913952768,-44307.4620116302,801.580863368359,279.827511428896,513,28.9058213920284,1.84505242927841,9.58822750995895,6533.20562568117,5.93171338115273,36.9694597973652,,,33.3307795906652,-3717.83856423263,
202305,2023-05-31 00:00:00,Inbound,,2024LRP,189238.609425006,2176244.00838758,-56821.6348629194,-5042.26281535031,-533190.948394822,303140.754564589,267268.134978342,-94544.2116928649,5616.38688323022,227.938382610264,1778.454925287,23264.06,1484.94,3938.41935888348,10122.7250972384,19211.4160189551,8681.35875809298,,,46357.467197326,-15291.5019142293,
202305,2023-05-31 00:00:00,Retail,,2024LRP,146826.07409184,1688499.85205616,-744525.57,-766994.569405421,-3141427.16275509,296767.994899025,63719.8076372214,8714.32674568053,26019.4249298264,9516.99999999999,21327,18935.422792,1208.644008,8485.16082660003,9379.55779623765,5528.94018293905,10340.2039034707,,,36634.2861582302,-45975.3804210247,
202305,2023-05-31 00:00:00,Retention,,2024LRP,18580.6565421455,213677.550234674,-2030160,-589386.2,-4941847.90514872,1082530.02,36416.1770773279,-23680.069900691,46949,7423,67672,1838.50706838072,117.351515003025,2444.03873002201,18546,1816.69506187431,703.352122574992,,,6148.38571294771,-86910.7594913274,
202305,2023-05-31 00:00:00,Outbound,,2024LRP,754.949858562178,8681.92337346507,-65209.68,-1920.09339707426,-3261.24606204661,11540.8714032516,389.630266327434,2518.91256991026,31.0504739227521,34.6333186856294,1692,307.955438740872,19.6567301323961,118.739380871677,806.692724399009,198.483863577235,36.413479768612,,,635.245446316208,-180.126634147816,
202305,2023-05-31 00:00:00,Online,Cox.com,2024LRP,228467.06884976,2627371.29177224,-1334202.04,-382138.710141204,-239553.333933438,578383.664168349,103388.718318625,-65824.6447611157,2648.31912562587,4915,38494,41925.473356,2676.094044,1528.70156285595,15375,13739.8325175748,4557.06606054552,,,,-23645.96683508,
202305,2023-05-31 00:00:00,Field Sales,,2024LRP,11632.1325025913,133769.5237798,-1654.25146535759,-451.884849313362,-36576.5857965425,2551.80524336438,2986.83836051505,3113.33513745674,437.597121209633,7.58358168857671,46.9824329837428,3201.4514198963,204.347962972104,39.6404284532598,78.7858318097166,504.003895203963,868.524068260034,,,3739.37806877354,-4750.18401735755,
202305,2023-05-31 00:00:00,Care,,2024LRP,5961.12144658708,68552.8966357516,-165632.87,-29334.9601048778,-65500.2476938001,366422.455024657,15861.6092369991,-388.873647520445,463.290292886979,410.166416346987,6539,666.858890664831,42.5654611062659,235.049820821519,18670.8923789766,29.3862662819276,313.894293996381,,,1357.57049526417,-1733.18900537296,
202305,2023-05-31 00:00:00,Field Sales,,2024LRP,38003.6400438738,437041.860504549,-23291.7,-1965.63516968482,-118518.626641241,15329.0566851468,11504.494574933,-7100.58937395042,1306.23740930228,27.8763130035655,510,5294.29093542217,337.933463963118,153.770108713766,350.082471881866,2279.39166993394,2485.55083526794,,,8523,-3062.58753075934,
202305,2023-05-31 00:00:00,Retail,,2024LRP,13210.2818967118,151918.241812185,-71094.3587742975,-50277.7046960748,-243282.940500762,16754.1905331739,-2627.40551927129,-2936.38446274066,2244.95480696945,710.600367408826,2214,1582.08939797562,100.984429658019,718.218282885735,563.362408532901,562.7263179907,,,,3704.16,,
202306,2023-06-30 00:00:00,Online,Cox.com,2024LRP,,,,,,,,,,,,,,,,,,,,16556.4815197665,,
202306,2023-06-30 00:00:00,Online,Cox.com,2024LRP,,,,,,,,,,,,,,,,,,,,46515.829031725,,
202306,2023-06-30 00:00:00,Lead Referral,,2024LRP,13904.9107500837,159906.473625962,-9571.2162254112,-6210.39673896211,-87197.3044381063,28858.992671117,2070.7452799153,25.632568366328,882.751928595001,725.526819915112,250.469651831593,5073.53127776926,323.842421985273,116.206899117225,559.26908316293,10.0836425231374,3307.42483316081,,,1147.78696068297,-984.306247418405,
202306,2023-06-30 00:00:00,Other,,2024LRP,3504.43667122393,40301.0217190752,-684329.974462165,-106845.591807692,-119777.507225223,138257.539642469,9305.92409477342,-52313.0328966265,1114.03486877543,2296.66297616181,10400.1515875709,621.870423067172,39.6938567915217,296.994291255109,4693.16836872657,374.108740966165,542.603293747167,,,1009.40281385645,-45766.1154078415,
202306,2023-06-30 00:00:00,Sales Operations,,2024LRP,304.145459281819,3497.67278174092,-13687.4327271096,-29541.0917518696,-71021.0592577641,75821.5619879441,527.516368053001,-41928.5012143525,876.044876152388,363.090590053476,418.190533212433,34.7545935386003,2.21837831097449,13.723838282245,6484.29207018253,4.74266503992151,40.2843503313899,,,35.1102377850882,-4156.1115613285,
202306,2023-06-30 00:00:00,Inbound,,2024LRP,201888.038479867,2321712.44251847,-69381.5791275414,-10446.1480091843,-616360.428783108,343350.456306073,306963.61532601,-78501.0639340301,6799.34284371879,359.768309898397,2171.56742183228,24670.3,1574.7,4378.93887768916,10663.0576492569,16354.3883195896,9240.22580299957,,,49282.9499887924,-17094.1225117241,
202306,2023-06-30 00:00:00,Retail,,2024LRP,155327.626084214,1786267.69996846,-794446.805556746,-878420.142746605,-3454312.11310974,313208.794480651,66284.0057304424,11736.3575124557,28957.7038064531,10851.6674917636,22756.9981540174,20031.825337389,1278.62714919504,9646.70048154502,9998.14665424025,4538.22056047795,11073.3674032807,,,38192.8359677696,-51395.133705526,
202306,2023-06-30 00:00:00,Retention,,2024LRP,19234.8144505856,221200.366181734,-2462063.5435708,-1092950.72589213,-5942959.75950002,796728.663927486,33488.4557370906,-18258.4205484783,55427,13624.4169271021,74203.2412167209,2072.20123772659,132.268164110208,2654.16828897055,15052.4969568767,1557.70865369221,745.042378434702,,,7131.58670911402,-97156.131468635,
202306,2023-06-30 00:00:00,Outbound,,2024LRP,732.2539770406,8420.92073596689,-43687.5425946818,-1762.68639942941,-308.274907913896,12747.7840450407,-60.3158455726604,1535.09546294437,4.60703371744233,31.293117438935,1133.56363764094,303.820336076886,19.3927874091629,147.228107515673,800.943025749285,168.869118475838,39.718735412993,,,669.159826021681,-201.360649138203,
202306,2023-06-30 00:00:00,Online,Cox.com,2024LRP,254221.432097408,2923546.4691202,-1614273.96404401,-405271.738298948,-256753.975123379,786143.663408108,120038.503087266,-53155.6398076556,2898.28674165588,5133.88821802587,46574.5517612236,46651.5981125184,2977.76158165011,1731.06272611488,20287.5784105318,11586.4657936493,4927.85307606723,,,,-26433.4436377957,
202306,2023-06-30 00:00:00,Field Sales,,2024LRP,12563.3358036253,144478.361741691,-1622.10071927258,-581.144394262069,-39740.8780492694,2188.57406816734,2701.30785199423,3252.31209606512,482.720507110907,10.4163067957941,46.0693189228226,3524.98065029131,224.998764912211,36.0865667398042,72.2829814586668,433.023673508333,939.486556962491,,,3975.58267600657,-5310.15383586253,
202306,2023-06-30 00:00:00,Care,,2024LRP,6088.88201738632,70022.1431999427,-153952.945954495,-38831.2706083444,-70577.7529687902,380560.162450049,16119.0275611148,-116.485438990737,498.330044391767,527.76061752857,6077.88969421614,677.675059045458,43.2558548326889,250.028882877245,19674.338682831,24.6073345437907,341.947863336823,,,868.784246219063,-1937.50393911597,
202306,2023-06-30 00:00:00,Field Sales,,2024LRP,40839.0398978541,469648.958825322,-13137.6690615769,-2961.55302892103,-128824.52150829,14303.4818979356,12179.528682538,-4652.68568224874,1489.46871439747,44.8562728354165,287.665186371291,5732.18001083153,365.883830478609,161.134923893001,306.151655447294,1945.79648044765,2673.79140852986,,,8872,-3423.61703561397,
202306,2023-06-30 00:00:00,Retail,,2024LRP,13442.9695841279,154594.150217471,-68815.9220939352,-64512.3004814699,-271394.718930655,16094.7335027141,-3614.31532515213,-1310.59495262853,2480.02429671889,911.035741550793,2021.17624207988,1666.71301229709,106.385936955134,777.198154394117,582.862378945919,472.583253389808,,,,3989.76,,
202307,2023-07-31 00:00:00,Online,Cox.com,2024LRP,,,,,,,,,,,,,,,,,,,,16949.7381027073,,
202307,2023-07-31 00:00:00,Online,Cox.com,2024LRP,,,,,,,,,,,,,,,,,,,,47620.6927647492,,
202307,2023-07-31 00:00:00,Lead Referral,,2024LRP,17543.9524855685,201755.453584037,-9188.25331877531,-5154.48643458764,-76635.0894756535,28666.9636195893,3347.78974291946,-382.966426859422,887.297368672648,665.246196774935,250.902526942081,4500.44588118343,287.262503054263,116.311619347826,533.975617956637,64.6961721255822,3432.84432207216,,,982.723023382709,-971.960640457898,
202307,2023-07-31 00:00:00,Other,,2024LRP,4081.99506433395,46942.9432398406,-442741.723562779,-102906.80224987,-133701.770591868,145577.075046543,7340.03043369104,-76937.1299137619,1256.38998439378,2138.16112244912,7986.93174464787,722.691549665572,46.1292478509941,249.786996053356,4942.33943561744,395.007696823585,556.880438327849,,,841.166414368666,-45192.0964229816,
202307,2023-07-31 00:00:00,Sales Operations,,2024LRP,315.042030143616,3622.98334665158,-11651.85326369,-30521.3588131677,-71715.3812368222,87281.4827836341,417.958254360295,-51655.1326309363,854.447922809813,380.173064336424,422.557214714264,35.8311399872121,2.28709404173695,7.61711190476094,7389.52270048601,6.45517468171209,41.8043177307493,,,35.9151414125803,-4103.98376070268,
202307,2023-07-31 00:00:00,Inbound,,2024LRP,203326.938656868,2338259.79455399,-55854.4275068499,-10803.8712934387,-447733.270643897,321601.31229693,208885.833800723,-61495.0853472328,4832.16709336073,341.013786149936,1911.87715712207,25327.36,1616.64,3157.92515909003,11034.5384395863,15203.2537029618,9493.11856198535,,,50902.8116516102,-16879.7204204868,
202307,2023-07-31 00:00:00,Retail,,2024LRP,155932.793228188,1793227.12212416,-662145.757592224,-770588.580467616,-2806989.27056304,319795.739497503,61809.4767240037,7050.3115160101,23829.2200619062,9696.28101566635,18793.6728453746,19820.4305439988,1265.13386451056,6999.89165723129,10401.4205485743,4617.47614574158,11456.6013153701,,,38934.0666666667,-50750.5130683257,
202307,2023-07-31 00:00:00,Retention,,2024LRP,18367.0470895121,211221.04152939,-2078419.2,-978653.938245723,-5276031.89033221,857647.753924927,28722.1786346575,-17096.4987296654,50117,12970.8938137273,60560,2173.34142297852,138.723920615651,1814.78547531259,16790.2849241372,1811.06978068489,765.605674093514,,,7356.86491414823,-95937.5560343524,
202307,2023-07-31 00:00:00,Outbound,,2024LRP,959.410755666327,11033.2236901628,-37772.9276585231,-3745.14083257148,-1614.58347426688,14892.0610716865,285.142765523564,-1914.2831824008,28.0167886358737,59.0520025535126,1013.75212761372,280.396892893187,17.8976740144587,171.820477051396,750.273122614733,116.210322896844,41.2315622210932,,,493.123342216236,-198.835094273452,
202307,2023-07-31 00:00:00,Online,Cox.com,2024LRP,260214.403075457,2992465.63536777,-1133873.02978352,-283403.77933926,-257747.39231204,744287.765703131,83545.9623685059,-35054.5977563107,2837.3732813688,3923.7437160315,35500.029867275,47183.938829269,3011.74077633632,1217.45305955847,20712.3273311476,13463.3267841716,5101.70531255817,,,,-26101.9036251007,
202307,2023-07-31 00:00:00,Field Sales,,2024LRP,12852.5638644639,147804.484441335,-1018.67031914742,-496.771245810099,-30059.2253569446,2275.50695735893,1697.41157181514,2773.37393152554,358.748651707616,8.63423238991152,36.6747705091894,3388.3656885866,216.278660973613,23.7098391254276,83.340602486105,426.195970530457,972.492885885231,,,4073.42310583392,-5243.55152349348,
202307,2023-07-31 00:00:00,Care,,2024LRP,5844.02325118461,67206.2673886231,-132856.913235989,-41960.5106583747,-55377.0854546475,480681.717585986,12673.2088602984,101.522599935517,386.109267022155,563.143237159739,5970.68241959743,656.929860693321,41.9316932357439,190.110338182725,26536.4443645825,25.8767295422329,354.817413401338,,,888.701160355905,-1913.20290254377,
202307,2023-07-31 00:00:00,Field Sales,,2024LRP,40309.1968374028,463555.763630132,-17380.6566469101,-4284.31162229526,-107666.330450477,17457.1757146624,16645.1995626025,-3146.65191393229,1255.31433735752,79.7387878567241,331.849078758372,5619.71961990166,358.705507653297,269.735777365971,422.311663857655,1976.89272380258,2762.44915086539,,,9078,-3380.67650728161,
202307,2023-07-31 00:00:00,Retail,,2024LRP,12884.2476630535,148168.848125115,-62341.2858825973,-60851.9415177236,-225344.882417092,14956.0495415603,-133.127575116768,-1733.21662414524,2033.67331328379,850.748484264341,1822.08327121267,1646.1048738258,105.070523861221,590.522510811517,581.648105148905,491.641421193046,,,,3874.61333333333,,
202308,2023-08-31 00:00:00,Online,Cox.com,2024LRP,,,,,,,,,,,,,,,,,,,,19306.4155743651,,
202308,2023-08-31 00:00:00,Online,Cox.com,2024LRP,,,,,,,,,,,,,,,,,,,,54241.8342327401,,
202308,2023-08-31 00:00:00,Lead Referral,,2024LRP,17849.8921689605,205273.759943046,-9797.85663447852,-4970.54638367917,-77217.0064521923,30690.9213370884,2678.50451632944,-693.621656562307,913.18138142181,534.734153827679,311.102938309232,5119.15370456706,326.754491780878,90.7206550583418,588.318741932307,63.3699777511083,3929.64652780419,,,1302.72666655426,-1032.85115921034,
202308,2023-08-31 00:00:00,Other,,2024LRP,6125.0952389636,70438.5952480813,-941635.649235068,-95907.703119158,-127266.785847208,186902.650251295,7133.0745046539,-71026.9084904517,1211.93898943637,2030.41647470481,17147.0451462218,1036.1552604408,66.1375698153702,230.141330660914,6133.39954333261,341.780784331658,591.264795752592,,,933.319050493453,-48023.2503608711,
202308,2023-08-31 00:00:00,Sales Operations,,2024LRP,458.583722700787,5273.71281105905,-11185.3198000395,-30106.7825566377,-69579.5054119914,106800.728607743,201.192884497108,-49504.9964034835,818.381844434881,355.366834465343,437.775757469242,52.1101601112495,3.32618043263295,4.43578266642954,9138.3197271575,6.21549517404492,47.79821192618,,,39.8497670721745,-4361.08645574913,
202308,2023-08-31 00:00:00,Inbound,,2024LRP,219505.647476713,2524314.94598221,-57949.3636544711,-11038.7784244229,-435681.892818764,375044.715556779,180395.328278416,-57756.6431872118,4790.80183489568,337.736484956363,1753.91536484477,27463.04,1752.96,2793.36215977727,12901.4350036731,14127.4402080429,10318.6419702527,,,55810.3162879626,-17937.1860111876,
202308,2023-08-31 00:00:00,Retail,,2024LRP,167483.42485764,1926059.38586286,-659542.1198077,-725327.502968775,-2634918.32896399,391908.112984144,86685.3708580585,12225.4253715373,22656.2195095786,9321.5933545026,19208.4806915146,21588.087450978,1377.96302878583,5842.17653105731,13150.5223600822,4355.5536299422,12845.5565092737,,,41083.2614065391,-53929.8857085876,
202308,2023-08-31 00:00:00,Retention,,2024LRP,20333.0172472426,233829.69834329,-2248727.42443603,-895521.073105529,-5026270.5536336,1011988.81617263,32536.0204083625,-17320.0932382912,48769,11592.5058007188,63380.1416131914,2415.70225131547,154.193760722264,1735.25442177933,20952.1494031601,1679.71486539799,819.996333118298,,,8234.6468753947,-101947.766028063,
202308,2023-08-31 00:00:00,Outbound,,2024LRP,1100.16305038897,12651.8750794732,-35612.2283755647,-3942.85434047644,-1916.55724074227,16784.960675644,965.450548212761,-2715.40976998034,27.4923139321159,50.0267195814429,977.285794935313,279.551186995086,17.8436927869204,209.474123056993,862.20373294179,131.614196468631,47.2475303061325,,,547.146678316737,-211.291536985781,
202308,2023-08-31 00:00:00,Online,Cox.com,2024LRP,293018.020635982,3369707.2373138,-1182459.21827665,-273647.575007328,-249602.432820169,980264.744218117,78412.2712917362,-39378.3518743844,2756.74215896815,3870.66398063856,37272.6081753289,52875,3375,1124.26480725544,27381.6967658692,12833.7856727447,5672.51346340079,,,,-27737.1122806795,
202308,2023-08-31 00:00:00,Field Sales,,2024LRP,13595.0972276328,156343.618117777,-993.57572181791,-633.623299775201,-28404.1126894445,2336.85280299008,1651.37727988613,3194.82321569266,336.493246996688,8.92066872591241,39.5426802887138,3570.81269383761,227.924214500273,25.7235575058342,86.0165342535618,417.19229496254,1094.01515465804,,,4097.51796492413,-5572.04483801729,
202308,2023-08-31 00:00:00,Care,,2024LRP,6626.66761141348,76206.677531255,-125178.399959716,-38891.1833565744,-51272.2617158434,586061.089658922,11727.1931161084,45.9756290330921,362.649360676774,537.415255877877,5871.77467985806,758.400546514608,48.408545522209,180.947381574108,33133.6923131897,24.0028016756169,405.452793811721,,,986.061389265449,-2033.05952262223,
202308,2023-08-31 00:00:00,Field Sales,,2024LRP,45361.998768498,521662.985837728,-19004.0684190204,-4683.56652485153,-95126.7997330989,20623.3199435463,15064.8987357465,-1738.04366421374,1122.30996449031,84.5811214106407,354.840938079312,6469.81955164364,412.967205424061,239.200349840858,480.986725277136,1798.71720805999,3068.81428852244,,,9814,-3592.46609802636,
202308,2023-08-31 00:00:00,Retail,,2024LRP,12823.150288023,147466.228312264,-63182.5417757113,-55812.1178332226,-206696.371507675,17046.7120789127,1294.22251582825,-1599.41786210262,1860.5806684696,786.480709407666,1868.84637537562,1719.32678728616,109.744263018266,573.078365775406,663.370617824547,455.784504933182,,,,4010.34666666666,,
202309,2023-09-30 00:00:00,Online,Cox.com,2024LRP,,,,,,,,,,,,,,,,,,,,16653.5007053387,,
202309,2023-09-30 00:00:00,Online,Cox.com,2024LRP,,,,,,,,,,,,,,,,,,,,46788.4067435707,,
202309,2023-09-30 00:00:00,Lead Referral,,2024LRP,14613.7947114911,168058.639182147,-6758.74296519431,-4163.6764695412,-75388.6853479346,27081.0898966206,3260.49130547894,-528.30175679263,854.500194226899,227.868619432313,224.460453800871,4253.66165051103,271.510318117726,100.172929280233,629.63058438071,58.7907108503313,3214.35225238116,,,1117.81743135486,-844.092102033408,
202309,2023-09-30 00:00:00,Other,,2024LRP,6096.74239778722,70112.5375745531,-880253.362063905,-86569.3564546754,-132823.160965439,180016.760981047,10665.0999290085,-65803.4149595514,1288.43873754233,1900.40622599939,16993.3081479518,963.43421199781,61.4958007658176,310.481671898538,5952.69152171748,266.321332912152,497.160203066961,,,933.319050493453,-39246.7452663515,
202309,2023-09-30 00:00:00,Sales Operations,,2024LRP,416.139650635459,4785.60598230777,-9920.56030694022,-28327.1687779287,-71426.7013148614,111456.946781596,261.345419967751,-37154.8151506987,826.845750461939,336.937920916772,403.784132656884,46.7224994284741,2.98228719756217,8.53295403486218,9989.7946966919,6.63361437531866,39.114134959357,,,34.1934846444263,-3564.0746498238,
202309,2023-09-30 00:00:00,Inbound,,2024LRP,203070.916158648,2335315.53582445,-48553.8694175292,-16629.7999508473,-453691.002229586,313183.015846997,219171.036918155,-78777.137121498,4864.79736467494,331.270915355524,1355.87459976345,26079.36,1664.64,3679.2183467879,12017.7673003452,13329.4648259726,8567.70434843197,,,44151.58240742,-14659.0696149513,
202309,2023-09-30 00:00:00,Retail,,2024LRP,154903.413792727,1781389.25861636,-515102.383197599,-668710.240175045,-2509289.43507318,393167.038967424,148822.97487863,13888.2034969079,21657.6110976062,8805.90200792495,16106.7372006359,19934.1719502911,1272.3939542739,6451.46990502896,13404.6375989503,4182.9354000674,10538.9819768312,,,35657.2666666667,-44073.9115062681,
202309,2023-09-30 00:00:00,Retention,,2024LRP,19495.0207353278,224192.73845627,-1750305.55564783,-795360.409899367,-4604184.69441509,1028131.48856862,41765.7484684113,-16963.1724549784,43989,10292.5448497064,49304.3818492345,2344.79852157727,149.667990738975,2268.82352437927,20732.6373980363,1584.50235822287,687.241544237706,,,7261.39820743323,-83316.2681349257,
202309,2023-09-30 00:00:00,Outbound,,2024LRP,1155.46763112089,13287.8777578903,-28423.8311706389,-4222.66713889721,-2743.49321220966,20252.0168402946,3450.83532921227,-3328.02505458041,28.4282704509601,49.1237657995901,848.407108169351,266.15871551793,16.9888541819955,307.85394045463,779.823520997097,138.697540676773,38.6329787187078,,,651.687589693771,-172.676881858324,
202309,2023-09-30 00:00:00,Online,Cox.com,2024LRP,266612.454838662,3066043.23064462,-993394.402454046,-256016.765902287,-254948.788172302,1097329.5496502,105254.47937336,-44284.2463601657,2760.28765363327,3708.89473684673,32443.6390959582,48198.2703278373,3076.48534007473,1499.15932256283,27591.8921209504,12096.8584493909,4712.42509451721,,,,-22668.0070991404,
202309,2023-09-30 00:00:00,Field Sales,,2024LRP,11841.0491302924,136172.064998363,-837.595136204794,-587.433977751233,-25687.8788605579,2188.31421214373,2109.61398371065,3066.03797854227,305.653713781091,8.09130781598925,34.1826769819769,2637.42332953291,168.346169970186,35.9854448146896,77.9255391852475,365.837838687291,900.499936748624,,,3728.75979674325,-4553.72393011815,
202309,2023-09-30 00:00:00,Care,,2024LRP,5711.58515999647,65683.2293399597,-99464.5796687484,-34441.3470649381,-47974.1210209278,727069.059609966,16578.5520863824,83.4229999020004,344.49619554681,503.232674814014,4726.38359502691,665.492366054198,42.4782361311191,248.929976517292,32171.1973278746,24.5835192328139,331.859099063348,,,1822.03,-1661.50705327305,
202309,2023-09-30 00:00:00,Field Sales,,2024LRP,40392.3930700199,464512.520305229,-11034.8110178976,-4231.73743036824,-87256.4212718763,18561.0623959988,18763.2975592566,-1392.15009386792,1024.63017110746,73.4735536024267,253.981802436237,5876.87340029282,375.119578742096,296.527958404319,449.0903803641,1625.47486188776,2537.54720524858,,,8797,-2935.92376125636,
202309,2023-09-30 00:00:00,Retail,,2024LRP,11639.2343003833,133851.194454407,-48743.9862243067,-49485.7070168599,-191387.917033439,19216.3031002117,3790.51608818752,-1801.41815849785,1731.73839990236,704.501537462483,1574.24737953653,1547.79144092264,98.7951983567645,754.550466348307,642.685722415107,417.580739767668,,,,3730.02666666666,,
202310,2023-10-31 00:00:00,Online,Cox.com,2024LRP,,,,,,,,,,,,,,,,,,,,16118.5412266625,,
202310,2023-10-31 00:00:00,Online,Cox.com,2024LRP,,,,,,,,,,,,,,,,,,,,45285.4253510994,,
202310,2023-10-31 00:00:00,Lead Referral,,2024LRP,8092.4363454147,93063.0179722699,-5177.52000171617,-2778.47281220106,-40205.4607684515,22451.2235910782,1145.31703623347,26.4976751675847,436.9181172991,184.9629132831,170.595424700541,3094.59103168394,197.527087128763,44.3234147149177,561.406766672588,8.60745652373357,3132.27591154616,,,1088.74361365049,-818.749486740107,
202310,2023-10-31 00:00:00,Other,,2024LRP,4906.85601594734,56428.8441833945,-1125671.95590105,71068.0644397884,-104224.893649062,166957.840107941,9011.11695720191,-51290.8275487474,1084.76222225983,1674.15935076062,19408.1371707077,738.242044888789,47.1218326524759,264.031043460176,5347.78475682066,221.220189336591,489.229263600504,,,957.478090300929,-38068.4198627572,
202310,2023-10-31 00:00:00,Sales Operations,,2024LRP,307.323411227369,3534.21922911475,-9519.66554547149,-25708.9677943786,-33711.3107388651,87857.8736826096,230.238229369841,-34014.6143682193,406.785833347438,304.082685697977,369.711792851388,31.2744052204212,1.99623863109072,15.0915411989991,7346.92673192722,5.03924078354205,38.1211588432629,,,33.3041308811516,-3457.06858673009,
202310,2023-10-31 00:00:00,Inbound,,2024LRP,187244.033085008,2153306.38047759,-38762.6688440979,-13541.9622265445,-492311.043215693,398585.394040282,273655.517317192,-15770.5109916304,5713.25337374599,342.228006736025,1374.56272496801,22693.48,1448.52,3523.76406537719,11736.9079517162,14336.8281742095,8366.20419949813,,,44125.2089545172,-14218.9527593208,
202310,2023-10-31 00:00:00,Retail,,2024LRP,133105.65899943,1530715.07849345,-501509.04668123,-619403.53095574,-2341296.15360591,388954.536908811,185548.268156511,31618.7840413086,20523.2832539088,8257.61273104575,16694.708611226,17143.5097019406,1094.26657671962,5197.43048057454,12969.4743884232,4316.20342111626,10251.8053740549,,,34988.6666666667,-42750.657585181,
202310,2023-10-31 00:00:00,Retention,,2024LRP,16876.073501428,194074.845266422,-1667660.13275311,-655734.734505921,-4294714.52891501,919504.802335055,40932.4106409351,-23688.5774958544,41053,8035.96488365099,42542.3503253344,2073.11932714877,132.326765562687,2169.17915426259,21284.8333873855,1729.09324787258,675.50861101001,,,6886.02670793673,-80814.8205725916,
202310,2023-10-31 00:00:00,Outbound,,2024LRP,1167.13674004146,13422.0725104768,-26918.9254818308,-1309.04674660909,-450.686636919762,15555.0875597928,2865.3185415048,-8.6213915329116,4.54290676284955,15.8266057809745,819.866379713162,247.766155293356,15.8148609761716,230.691227912563,734.154178162693,196.019458749992,37.6414675388727,,,634.737553264302,-167.492514208822,
202310,2023-10-31 00:00:00,Online,Cox.com,2024LRP,231567.327070207,2663024.26130738,-1117052.36633789,-292482.335215284,-205369.556872322,1017617.90365865,112173.232570862,-48756.9078250416,2315.12777955216,4084.94881585592,35654.4004576411,41860.2475857682,2671.93069696393,1501.64969974381,26288.2434424865,10194.6538313875,4635.20048722009,,,,-21987.4337564975,
202310,2023-10-31 00:00:00,Field Sales,,2024LRP,9459.78581280432,108787.53684725,-1160.35860432973,-547.515772074708,-16898.1815016996,1625.94951162526,2180.24265377859,3921.42645490352,210.925987661635,7.14900073331631,37.8881199455134,1902.18211530077,121.415879700049,35.3553215661441,53.4521785520044,367.844655989293,879.487445077138,,,3518.55145162723,-4417.00511301884,
202310,2023-10-31 00:00:00,Care,,2024LRP,3956.41209493313,45498.739091731,-78939.1600464841,-23717.3458978595,-45276.8579721567,423259.754330708,15460.1779497149,-357.737482433691,327.405399180568,365.923400951965,3664.1422108007,451.384412462659,28.8117710082549,228.87020581649,18011.0533757748,22.5198357368576,323.458896677701,,,824.093087055395,-1611.62276463113,
202310,2023-10-31 00:00:00,Field Sales,,2024LRP,32946.215140827,378881.47411951,-8069.145138301,-2633.94613835278,-78036.3168579905,15137.7106771023,9434.19140749195,-574.250429185303,911.501589537777,38.1030391159823,189.702945399321,4983.74274621776,318.111239120283,126.255652155163,305.993052331911,1512.14619728242,2482.38338131637,,,8946,-2847.77699832286,
202310,2023-10-31 00:00:00,Retail,,2024LRP,9545.95197305813,109778.447690168,-44909.1347883526,-41180.6681699979,-172729.751035974,17125.0882317549,8156.76013987594,-1585.85254126701,1591.97229916867,605.047860429678,1539.03820385033,1238.02357266482,79.022781233925,636.749425439183,630.300306288502,405.618469801843,,,,3735.94666666667,,
202311,2023-11-30 00:00:00,Online,Cox.com,2024LRP,,,,,,,,,,,,,,,,,,,,15214.8772363338,,
202311,2023-11-30 00:00:00,Online,Cox.com,2024LRP,,,,,,,,,,,,,,,,,,,,42746.5598544615,,
202311,2023-11-30 00:00:00,Lead Referral,,2024LRP,6784.6665267055,78023.6650571128,-3602.25410686971,-2964.08180756989,-48904.2206425179,19532.0626508336,882.861882379782,-93.8911790975707,493.518973521988,147.716645797441,107.730432376711,2583.61639313728,164.911684668337,32.2322270897644,449.271975129627,5.21678041056071,2998.59507867485,,,1018.73700174404,-747.002278449527,
202311,2023-11-30 00:00:00,Other,,2024LRP,3939.78941480101,45307.5782702116,-830531.596874535,-71008.2716973182,-135215.448853837,152788.083031361,7822.40136815385,-43916.2698023951,1470.55151014386,1615.97105611079,13031.5130689322,630.041246575456,40.2153987175824,222.182429665639,4992.40464332848,190.306549952717,457.274345665934,,,895.911899476741,-34732.4753602924,
202311,2023-11-30 00:00:00,Sales Operations,,2024LRP,252.90421178981,2908.39843558282,-10123.9816566326,-22707.6259772649,-53794.471533885,75930.9470834027,173.970296435411,-44323.3249575563,670.409149207545,273.911534235832,382.210057983357,22.982650403109,1.46697768530483,13.4322709897371,6363.65422333409,8.27348007167044,36.4807733092939,,,31.162663104674,-3154.12486098253,
202311,2023-11-30 00:00:00,Inbound,,2024LRP,176799.324332156,2033192.2298198,-45936.7504230303,-14053.9430541102,-472631.25736044,359269.553517637,247421.564800826,-26130.2044327473,5318.23176955598,309.907148330496,1401.04382693949,21326.72,1361.28,3176.14332221856,11234.1949192507,12153.5834570918,7842.30531068402,,,44295.3102024075,-12972.9426160244,
202311,2023-11-30 00:00:00,Retail,,2024LRP,124203.193413035,1428336.7242499,-517104.750016457,-562122.262180272,-2178361.59253784,363662.458517858,153844.0285009,31162.5538860513,18873.1462972238,7345.85547015778,16780.8704150157,15834.8244725529,1010.73347697146,4076.08186144327,12045.2321857312,3724.33928743379,9705.63749436408,,,32326.9666666667,-39004.4075001451,
202311,2023-11-30 00:00:00,Retention,,2024LRP,16320.431979543,187684.967764744,-1616044.30010138,-545618.939880769,-4400625.3534275,742203.224925539,40268.4190145848,-10927.7017992804,41526,6832.19308641083,40441.5490515861,1992.98561379786,127.211847689225,1596.05307231807,16362.5049586759,1354.82718819553,633.158648940796,,,4869.53769836873,-73732.9990160694,
202311,2023-11-30 00:00:00,Outbound,,2024LRP,1050.72837199951,12083.3762779944,-29285.7822378463,-1274.9503618561,-506.504602470193,15716.2974865638,2664.92344215125,483.129424480182,4.43614809625603,16.5648429097803,920.322384408921,233.835398958301,14.9256637632958,161.594996568189,654.228817743251,140.625387998605,36.0467128343638,,,593.923696818492,-152.815106163169,
202311,2023-11-30 00:00:00,Online,Cox.com,2024LRP,205256.575928244,2360450.62317481,-1020454.12252405,-262003.473616687,-186504.704981111,907792.334813106,101149.846407952,6625.60666473413,2080.91477246823,3607.50145161804,31955.2679144597,37780.2815494885,2411.50733294608,1330.96588535819,23317.6650351764,8535.67387078911,4421.08114618767,,,,-20060.6698133727,
202311,2023-11-30 00:00:00,Field Sales,,2024LRP,8227.11698215215,94611.8452947499,-1355.86825005485,-382.946657496651,-19490.6794841567,1655.78521880706,1954.53153726687,3349.99130894989,249.913548646946,6.20305418009889,41.0200731132371,1455.54411660131,92.9070712724244,26.6232845800703,51.8217459927872,295.546603631782,837.34613312025,,,3779.90314588568,-4029.94192580866,
202311,2023-11-30 00:00:00,Care,,2024LRP,3435.91032650365,39512.9687547919,-72724.4023094106,-23342.6073810151,-40906.2035172422,391662.53734876,13700.9453847117,-171.737472634681,292.270812445348,366.26878629125,3358.27145289312,393.694937758882,25.1294641122691,188.052038853205,17147.9514745273,17.5592982766019,309.483044905977,,,771.103600644691,-1470.39588626053,
202311,2023-11-30 00:00:00,Field Sales,,2024LRP,30165.0414440289,346897.976606332,-7668.96310040106,-2307.14044079221,-78643.0449758783,16031.8647357597,8459.49382691268,928.37126541834,896.446462855852,30.3695826228278,190.610760227927,4557.61089511121,290.911333730502,113.914985468272,317.994951202119,1290.44648187167,2354.04807339053,,,8386,-2598.22563643156,
202311,2023-11-30 00:00:00,Retail,,2024LRP,8801.19213443893,101213.709546048,-45801.7270276131,-36212.7549988231,-156372.869835697,17905.4153476741,11970.0891297103,-899.1803523799,1462.72628665485,579.744928683705,1554.55202890368,1161.7866168945,74.1565925677342,375.195723818201,718.586143692981,349.543943225459,,,,3649.67253333333,,
202312,2023-12-31 00:00:00,Online,Cox.com,2024LRP,,,,,,,,,,,,,,,,,,,,14676.9208640827,,
202312,2023-12-31 00:00:00,Online,Cox.com,2024LRP,,,,,,,,,,,,,,,,,,,,41235.1586181373,,
202312,2023-12-31 00:00:00,Lead Referral,,2024LRP,6875.5116379195,79068.3838360752,-5201.88792673267,-2664.22609425367,-48009.0920353498,23234.5344078966,887.233615464331,21.6382553985487,523.480446803592,183.362079937073,164.146442828713,2299.4868646813,146.775757320083,35.2576908219272,585.160917820167,6.79226594201971,2904.36415874437,,,984.080323919175,-747.665311989178,
202312,2023-12-31 00:00:00,Other,,2024LRP,4814.75564893922,55369.6899628011,-815592.800471846,-79159.9434548998,-166269.684267643,256408.54170884,8291.61127078216,-38556.4729342502,1741.19934927466,1826.99136140967,13479.5452058159,751.956099483302,47.9971978393597,211.331252902639,6322.58533815803,180.798196310582,442.234264898341,,,865.433640606716,-34763.3036412004,
202312,2023-12-31 00:00:00,Sales Operations,,2024LRP,1182.95447598231,13603.9764737966,-11392.4479768285,-25214.5855487683,-65651.1273759607,74931.3442749672,178.812987448362,-63746.8546039063,817.298308055611,318.193834100138,408.095815720276,111.949080407286,7.1456859834438,8.61080760338832,5894.86679738018,6.66553043751508,35.3335513424068,,,30.1025324001501,-3156.92443821464,
202312,2023-12-31 00:00:00,Inbound,,2024LRP,180266.834923948,2073068.6016254,-53048.0507098729,-14074.0170873663,-520321.939899949,443223.146956495,215158.610277393,-24207.6008933955,5550.10069226612,330.98778426101,1592.08491400277,22388.92,1429.08,2844.9905357145,12925.7260704723,11003.4549515434,7552.69200790199,,,41448.8891025115,-12984.4573012008,
202312,2023-12-31 00:00:00,Retail,,2024LRP,122733.160823215,1411431.34946698,-580181.688119065,-609503.821783184,-2253177.37313732,473599.58919182,178765.986787734,32753.3042240672,19481.3173532666,8105.10401307425,18901.1808294994,15565.5591109423,993.546326230363,3360.26290954387,13941.7011831563,3415.10095555443,9396.71941379144,,,31357.6257820718,-39039.0275155224,
202312,2023-12-31 00:00:00,Retention,,2024LRP,16269.5427800068,187099.741970078,-1853791.65527208,-633821.383025095,-3984507.05605854,948753.36674159,32913.656566823,-20716.0114933995,37044,7748.42766534346,44605.1890103965,2003.00846254274,127.85160399209,1275.72312274508,19757.4628642563,1340.84216785757,612.443445629257,,,4933.75531981107,-73798.443865084,
202312,2023-12-31 00:00:00,Outbound,,2024LRP,991.449820259806,11401.6729329878,-32923.4152769272,-1525.73179231864,-1724.97044549566,19784.6086139211,2544.18729570569,418.978603376743,13.703282017963,20.4861340402928,1078.36177036398,212.174278071762,13.5430390258572,118.481003162036,802.80100745509,100.764166909779,34.914653682157,,,573.718852802862,-152.950743688883,
202312,2023-12-31 00:00:00,Online,Cox.com,2024LRP,199117.087540293,2289846.50671337,-1024945.64197311,-269549.8577259,-178317.014275525,1009599.58381727,90661.0279254571,50750.1597363824,2013.27775165375,3811.76362431694,32029.5513116596,35433.5544811242,2261.71624347601,1183.56779433772,24993.4826455614,7448.26088551537,4294.91584148366,,,,-20078.4755112907,
202312,2023-12-31 00:00:00,Field Sales,,2024LRP,8097.2337383172,93118.1879906477,-1787.9888908502,-403.184570274807,-22069.3137578567,1977.07395750859,1934.63093058498,3294.65030050465,285.177389413401,6.26929289919871,51.6614547215129,1415.07610925999,90.3240069740422,24.8647913697224,59.3405881017123,280.86698535448,810.753773148229,,,3715.68058474311,-4033.51887160486,
202312,2023-12-31 00:00:00,Care,,2024LRP,3047.28534824668,35043.7815048368,-73271.8147482864,-24766.7529050309,-42033.1545799192,448605.343942678,12456.5536719096,-123.696620292584,294.124514461253,385.39349079213,3337.63806560773,347.817994550199,22.2011485883106,162.952922119129,16913.8233845949,15.7624951067901,299.747178224567,,,744.871227606915,-1471.70099846338,
202312,2023-12-31 00:00:00,Field Sales,,2024LRP,29574.2882400307,340104.314760354,-9127.10569676845,-3216.81044145859,-77662.337895135,23287.3594433881,7841.87827724784,2155.29591557022,896.213715248974,40.0769115455172,224.187620151047,4436.1585666711,283.159057447092,106.747914362654,406.610141433449,1194.74279459061,2278.71707363257,,,8513,-2600.53180174087,
202312,2023-12-31 00:00:00,Retail,,2024LRP,9155.28601564901,105285.789179964,-52915.9260063684,-40974.4595970243,-163135.536530542,23545.0654837906,12517.2190717312,-137.443657087452,1542.03828803742,692.90711844555,1800.8795526673,1221.27288413564,77.9535883490837,234.682193068124,960.608997012251,335.702763181239,,,,3511.49013333332,,
202401,2024-01-31 00:00:00,Online,Cox.com,2024LRP,,,,,,,,,,,,,,,,,,,,14784.2537958725,,
202401,2024-01-31 00:00:00,Online,Cox.com,2024LRP,,,,,,,,,,,,,,,,,,,,41536.7130455466,,
202401,2024-01-31 00:00:00,Lead Referral,,2024LRP,7889.0156714219,90723.6802213515,-5650.0363404896,-7581.58620765562,-47522.1511789011,17683.0226732106,1347.2164067816,-312.641477186303,546.138699052217,273.920516971518,181.835323491718,2531.40125531371,161.578803530662,49.6071618455164,492.749553616121,5.72816440076396,2849.28920951645,,,1025.42416386638,-809.482526741486,
202401,2024-01-31 00:00:00,Other,,2024LRP,4940.39231099148,56814.5115764021,-881804.65947719,-103529.412964165,-171424.204817822,325248.874254879,13524.8474322091,-38797.1231587953,1645.24262541945,2451.41356741191,15121.4888779464,807.173946544642,51.521741268807,317.558311625465,7114.52022994447,191.001057431776,445.857597006692,,,901.79281683704,-37637.5450594233,
202401,2024-01-31 00:00:00,Sales Operations,,2024LRP,1151.75559508365,13245.189343462,-11285.7934073202,-28535.1038116283,-65025.7676242378,78377.9039404553,244.618350517122,-64636.1234770725,843.158777302513,370.002304672129,410.409376401331,118.153121462956,7.5416886040185,10.624865767754,6346.72133396775,6.91394180684831,34.6780918150351,,,31.3672201002362,-3417.93999266736,
202401,2024-01-31 00:00:00,Inbound,,2024LRP,181989.016227854,2092873.68662032,-64773.7428810283,-18827.7592712063,-537981.83333742,456236.246436515,295469.663806257,-31972.058278217,5802.65503479383,432.35401367038,1877.60832035631,21897.3,1397.7,3939.24489178332,12708.5305414071,11394.4145890858,7774.58819779349,,,42209.0880617734,-14058.0165162124,
202401,2024-01-31 00:00:00,Retail,,2024LRP,137229.221965753,1578136.05260615,-726332.26470173,-821226.073190726,-2375642.34392531,512710.698985748,213895.675754701,29151.1675061041,20452.4617460833,10920.5594839192,23483.3880547169,17327.3243274208,1105.99942515452,4020.59540892295,15093.0438323741,3505.42947264639,9789.10071806408,,,34213.1666666667,-42266.7871948202,
202401,2024-01-31 00:00:00,Retention,,2024LRP,17546.2104534929,201781.420215169,-2149893.8150319,-850433.872516565,-4944134.19333614,913793.552995286,42018.4593957034,-18132.3216948142,45880.0000000001,10525.1716895614,54635.1668368971,2213.52773060492,141.289004081165,1585.6022413473,20608.785588527,1418.80451446121,615.490234861629,,,6685.72,-79900.1235600491,
202401,2024-01-31 00:00:00,Outbound,,2024LRP,1063.11490072331,12225.821358318,-39822.7059668255,-2709.90619303686,-2700.38162422351,18832.9122822135,3673.44870400346,67.1988417081458,20.7164530815215,32.8127643495505,1311.67637055147,220.774514740472,14.0919903025833,166.723351328487,740.077430558048,73.219931481602,34.2398576853396,,,597.82231249862,-165.596761656449,
202401,2024-01-31 00:00:00,Online,Cox.com,2024LRP,203157.004400433,2336305.55060498,-1148444.85513342,-342292.194375613,-151142.241025914,1046136.40188043,122869.463418025,88995.7690635212,1715.93234847687,5104.27116274903,35888.9017229193,35021.6537713601,2235.42470881022,1599.63066465356,25676.5012180154,7461.36916513413,4063.73354866094,,,,-21738.5704931994,
202401,2024-01-31 00:00:00,Field Sales,,2024LRP,9420.50961272663,108335.860546356,-2124.8288728797,-635.542197359411,-24573.400180551,2284.73495935467,2580.24016477117,3873.33693705799,311.852037681744,10.4409043368261,65.4558651165521,1639.95327266886,104.677868468225,34.3852942606868,65.7456559918085,308.915117977535,800.374137466551,,,3509.7632161831,-4367.01154311869,
202401,2024-01-31 00:00:00,Care,,2024LRP,3197.84358617924,36775.2012410613,-80161.0720183055,-29855.762729097,-46062.4743114501,477467.657440338,16180.3331456314,165.89478086999,319.502398878635,471.358119086885,3702.83394942847,369.664469024244,23.5956044058028,216.784857747349,17112.8592858967,19.7642967811273,294.248666701211,,,776.165255204999,-1593.38172273177,
202401,2024-01-31 00:00:00,Field Sales,,2024LRP,32496.8209579309,373713.441016206,-12703.8709499138,-4421.86094484069,-72514.3896865225,25299.4073527314,10723.0212137473,2137.24704921232,876.292287557799,56.598062113063,292.395455120674,4798.35382636473,306.277903810515,150.124836887098,444.98893727554,1281.59398783648,2259.78532190023,,,7348,-2815.54462937992,
202401,2024-01-31 00:00:00,Retail,,2024LRP,11236.2302682737,129216.648085148,-66326.1707628625,-56050.9783768008,-176129.010000527,27303.4957613571,16588.772595905,121.242157559985,1660.93525423363,994.694195574671,2290.4746373013,1495.27088234924,95.4428222776112,241.01526192075,1199.17281855522,366.004865525965,,,,3576.64,,
202402,2024-02-29 00:00:00,Online,Cox.com,2024LRP,,,,,,,,,,,,,,,,,,,,13636.2769532892,,
202402,2024-02-29 00:00:00,Online,Cox.com,2024LRP,,,,,,,,,,,,,,,,,,,,38311.444773527,,
202402,2024-02-29 00:00:00,Lead Referral,,2024LRP,7135.3589996308,82056.6284957536,-9862.02368144406,-3902.06676964086,-49643.0026332517,22504.1017869099,918.87812462698,-272.334305057357,512.38593128812,318.906449816351,313.750677811688,2756.46564493844,175.944615634369,43.4675990571277,517.076207807428,6.16527113838902,2575.97320448601,,,947.527927657796,-766.079032923676,
202402,2024-02-29 00:00:00,Other,,2024LRP,5851.85878083864,67296.3759796443,-1070521.55357292,-133884.457349769,-155561.321088621,210752.042900657,17552.4464183645,-47954.8097648546,1508.06215583621,2986.19193495972,18396.4040888739,884.592058083804,56.4633228564131,466.464589275917,7236.50734025326,185.514227023578,422.594854299478,,,833.288222595102,-35619.464495189,
202402,2024-02-29 00:00:00,Sales Operations,,2024LRP,957.477883909916,11010.9956649641,-10246.9952164496,-32913.8440666926,-64548.8382499341,66170.9923335063,302.447446752753,-32446.7942442417,763.795067004201,406.828114232172,341.452031373061,112.942895533604,7.20912099150661,9.82111291290263,5762.78227083878,2.52103697847952,31.3752767966733,,,28.9844126023889,-3234.67410064304,
202402,2024-02-29 00:00:00,Inbound,,2024LRP,179756.4528,2067199.2072,-70038.7616886189,-10414.2058593005,-520293.040577864,403232.331992167,234941.571862094,-2989.62253734293,5277.83796787954,470.780149045912,1950.45598550171,21451.74,1369.26,3011.68532062677,11671.9835598312,11958.4901493717,7205.82992228548,,,39044.074547166,-13304.2423298711,
202402,2024-02-29 00:00:00,Retail,,2024LRP,130169.821114464,1496952.94281634,-838450.526238611,-987302.199850898,-2309231.205319,474220.801927066,183600.855336202,20809.3364254984,19921.7085671248,12250.6148163017,26714.9981805569,16252.7455479861,1037.40929029699,2790.25401154262,14988.0765321964,3662.03003000478,8962.28661851868,,,31453.3666666667,-40000.4921531053,
202402,2024-02-29 00:00:00,Retention,,2024LRP,15643.5419270601,179900.732161191,-2461271.17005089,-1007376.92649716,-3970365.44,800174.191211296,34963.9054911117,-22376.7167975935,36068,11791.8404131706,61689.7631591701,1863.64815616907,118.956265287388,1233.29472631787,19530.7344693994,1433.48602162675,580.261582402924,,,6177.84,-75615.9736192952,
202402,2024-02-29 00:00:00,Outbound,,2024LRP,502.934986851316,5783.75234879014,-44058.8400480177,-2242.90435555742,-3322.44060147907,8192.27613778423,3040.98144389305,59.8269161535878,31.4296988126604,40.4559598224596,1472.43665052649,205.1547699193,13.0949853139978,133.407985907139,572.630031624494,77.7629693458169,30.9347712930291,,,552.408804892588,-156.717659534581,
202402,2024-02-29 00:00:00,Online,Cox.com,2024LRP,194818.727063685,2240415.36123238,-1405489.58417295,-445022.872311248,-167052.76870112,918567.196177253,91132.4854550457,90648.6484243659,1961.77712658233,5723.80488907172,40331.9923400998,35201.2798241982,2246.89020154456,1194.73277986981,24417.9971118868,7382.13310914758,3768.39694797754,,,,-20572.9741043462,
202402,2024-02-29 00:00:00,Field Sales,,2024LRP,15180.4598278245,174575.288019981,-2080.49385454842,-765.447911434697,-24009.6865161718,2199.46728052823,2106.61904096647,3852.58189242132,276.524176487614,12.845831794396,72.4282349577231,4178.0391222023,266.683348225679,28.7085646347453,67.9075566935528,337.428271475064,731.711073417668,,,3497.67456348013,-4132.85755924327,
202402,2024-02-29 00:00:00,Care,,2024LRP,3213.00812008035,36949.5933809241,-85483.7463419898,-35764.1744684988,-41719.4590258183,320326.239821522,13754.2089727455,63.4146879861766,309.958804936687,500.060788319033,3967.11582326662,359.43287682565,22.9425240527011,188.60671158363,16322.0803415757,20.3260557342173,266.324437108998,,,717.203945157088,-1507.94648297386,
202402,2024-02-29 00:00:00,Field Sales,,2024LRP,11354.8531910255,130580.811696793,-14260.5357564113,-4501.70851091862,-64640.1641901264,18609.8314444949,8775.99629940863,857.930452614121,745.900133282817,63.8424858471084,325.041132451069,1681.61740603163,107.337281236061,116.236056306075,425.008265492711,1356.14187151888,2082.4517688977,,,7065,-2664.57846287478,
202402,2024-02-29 00:00:00,Retail,,2024LRP,12999.9832985696,149499.80793355,-81736.6662031105,-78342.733277088,-184883.315536389,37658.4679287761,13562.994842812,485.68350068958,1644.55488413437,1107.25768781678,2809.79553568657,1733.62619178519,110.656990965012,193.999836110561,1266.27216946156,409.622714838445,,,,3363.04,,
202403,2024-03-31 00:00:00,Online,Cox.com,2024LRP,,,,,,,,,,,,,,,,,,,,15500.8320011927,,
202403,2024-03-31 00:00:00,Online,Cox.com,2024LRP,,,,,,,,,,,,,,,,,,,,43549.9565747794,,
202403,2024-03-31 00:00:00,Lead Referral,,2024LRP,10715.3541583273,123226.572820764,-6461.32234968822,-1148.50660454787,-50403.6314858956,17763.5134186848,1385.16377469565,-400.540660094322,559.571994602613,432.989482084702,207.230780169979,2913.99411293847,185.999624230115,63.4907633410651,487.78303104461,6.45331982674802,2941.81823782625,,,1086.36322933538,-871.652583903785,
202403,2024-03-31 00:00:00,Other,,2024LRP,6261.27958445217,72004.7152212,-916387.779683185,-104392.090282727,-162031.071685994,250477.048923832,20175.7973064113,-65593.1846168888,1543.27451266908,2581.38566587946,16528.8871403334,966.967555687457,61.7213333417525,519.217193267402,7175.46134445227,196.761133858957,495.728746057062,,,955.384699534145,-40528.1921709948,
202403,2024-03-31 00:00:00,Sales Operations,,2024LRP,197.299134361597,2268.94004515836,-6843.05038912715,-20490.2061800235,-51560.9174202606,76648.9892360138,404.248164917619,-36961.1892752105,727.774134955039,273.28206683602,212.3093217633,18.7963977625099,1.19977006994744,11.8759421819699,5797.16115385602,3.13148923675248,35.8471650388708,,,33.2313160974102,-3680.44538061787,
202403,2024-03-31 00:00:00,Inbound,,2024LRP,181011.559142427,2081632.93013791,-54496.131937925,-13554.2326185133,-514368.878024715,385191.678790029,258607.451341698,-27273.7822915971,5805.51781066269,318.507302708863,1524.28392703522,21362.44,1363.56,3386.8264133255,11581.6902852072,14354.6222587353,8357.08306822184,,,44099.0918765395,-15137.7034291834,
202403,2024-03-31 00:00:00,Retail,,2024LRP,143547.335663967,1650794.36013563,-713349.020406987,-863259.496170784,-2588941.04586054,442486.346386049,206736.968659626,22305.4602450914,22148.5797229516,11200.9067543586,22843.373885195,18198.3495829553,1161.59678189076,2860.37175981204,15316.3359646986,4366.64869921274,10267.7999241201,,,36792.7989459167,-45512.9703910733,
202403,2024-03-31 00:00:00,Retention,,2024LRP,18214.4028523617,209465.63280216,-1703145.01289085,-895213.026798446,-4634523.36435231,896646.725502107,46367.0006698507,-15144.1638855908,43419,11664.0133784814,56320.9329659673,2248.88291114955,143.54571773295,1332.75904538614,18610.3512972625,1661.59176220587,678.683052437034,,,7083.04,-86036.6306308056,
202403,2024-03-31 00:00:00,Outbound,,2024LRP,1248.28669345286,14355.2969747078,-39473.8684457589,-2933.36094634995,-4391.25990111901,15730.9900812687,3212.84860642539,194.103757552987,36.102344561236,32.6824845300883,1326.32513160552,250.687194496811,16.0013102870304,157.434929970161,608.694266572628,117.52952710863,35.314304020572,,,633.349789150641,-178.314960997348,
202403,2024-03-31 00:00:00,Online,Cox.com,2024LRP,211343.803018356,2430453.7347111,-1153329.26518402,-353504.275805239,-104371.700701114,990189.367196319,104037.193768277,104252.208621768,1264.28739134758,5984.29745407939,32742.0361542541,35871.4271510774,2289.66556283473,1370.33398749603,25144.8514142188,8491.87302574763,4371.6120657786,,,,-23408.1410219533,
202403,2024-03-31 00:00:00,Field Sales,,2024LRP,9979.63298886403,114765.779371936,-1923.05386737359,-991.142660047297,-23995.7961411298,2639.73924297593,1973.06273756867,4435.73543585762,298.266154941917,10.9707432877677,65.5127294341914,1719.97430465345,109.78559391405,26.8825891013522,73.5180792072062,441.473117667744,841.085023619063,,,4058.47031435398,-4702.40773549482,
202403,2024-03-31 00:00:00,Care,,2024LRP,3480.19956079253,40022.2949491142,-72267.8414608741,-26252.3771409467,-54483.3226756026,454472.167897652,16210.3401731766,-299.936737583284,380.856519890347,434.553054170986,3374.89733945862,405.463522289387,25.8806503588971,221.919468119735,16818.2371661905,21.1358714469593,304.351024451344,,,822.291323780718,-1715.75698039466,
202403,2024-03-31 00:00:00,Field Sales,,2024LRP,31382.0630750432,360893.725362997,-11612.8779572834,-3321.46021274329,-67701.652926093,19530.2360786701,11321.0724273959,104.623938801226,839.012848160451,49.2369555981951,271.252483386848,4609.02777002158,294.193261916272,145.014799433636,381.854214416948,1602.95719295944,2404.72254489501,,,8084,-3031.78471458123,
202403,2024-03-31 00:00:00,Retail,,2024LRP,13665.3554002936,157151.587103377,-75117.501144047,-61624.6700214284,-217241.215761963,31415.0645519565,14897.0482242851,275.59742621597,2002.89907691235,998.806843607641,2568.24300467872,1829.12062534436,116.75238034113,213.095356042302,1437.83994642584,508.2880171616,,,,3882.08,,
202404,2024-04-30 00:00:00,Online,Cox.com,2024LRP,,,,,,,,,,,,,,,,,,,,15089.9879293914,,
202404,2024-04-30 00:00:00,Online,Cox.com,2024LRP,,,,,,,,,,,,,,,,,,,,42395.6803730521,,
202404,2024-04-30 00:00:00,Lead Referral,,2024LRP,12329.5364034672,141789.668639874,-7049.2666294619,772.894700082316,-42144.9227140738,18708.8081490058,1200.72381810563,-146.39159281333,451.190249519592,329.716999173669,212.068455300264,2681.35971218186,171.150619926502,64.5965762518149,490.004452936564,9.53681296635139,2823.14253991779,,,1046.43657695722,-830.354512378549,
202404,2024-04-30 00:00:00,Other,,2024LRP,8070.17249086288,92806.9836449232,-1171745.16841782,-87632.4617439294,-120278.064125503,205924.800113749,21408.8112064763,-72572.9467263957,1213.8424734851,2257.72354398748,23411.4918764798,1105.32878709737,70.5529013040875,541.495731175753,7034.56300265716,194.44533557092,486.685275792225,,,920.271846157243,-38608.0049198193,
202404,2024-04-30 00:00:00,Sales Operations,,2024LRP,163.785117602515,1883.52885242892,-6642.4571138613,-17320.898212803,-48461.5978346675,76259.2995968941,293.826837250994,-44915.6492166002,668.169967729392,226.242805332326,210.808668321834,14.9637147230892,0.955130727005694,7.9093789609725,5555.3737354259,2.11014630104586,34.4143422741586,,,32.0099794670258,-3506.06937419023,
202404,2024-04-30 00:00:00,Inbound,,2024LRP,161138.346911022,1853090.98947675,-55610.0300063578,-10381.2875403517,-474589.50035188,350693.379378264,242305.386627873,-23867.2238626804,5214.6215079351,243.521081633914,1535.1973257075,19457.06,1241.94,3197.09777842222,10582.3425487655,15021.450076396,8223.38088973865,,,42983.9707909093,-14420.4934185776,
202404,2024-04-30 00:00:00,Retail,,2024LRP,135398.201322375,1557079.31520731,-819139.024553847,-809530.396785252,-2442151.19044859,383034.726851058,194825.679696559,24561.8884577098,20630.1219972986,10188.2605812052,24064.0136472928,17225.2721545667,1099.48545667447,2687.56429904828,14614.0681744013,4639.53445969739,9670.91244664878,,,34120.0161850211,-43356.6090823985,
202404,2024-04-30 00:00:00,Retention,,2024LRP,17536.7363969167,201672.468564542,-1932948.0058421,-914956.914497686,-4149055.78412508,764307.979108383,43248.078295673,-17854.7050693936,38776,11347.5223740057,62570.3253456316,2184.61867244142,139.443745049453,1251.85510598968,17003.5665195318,1737.01663585703,664.677320303896,,,6219.56677190606,-81960.296789554,
202404,2024-04-30 00:00:00,Outbound,,2024LRP,1516.81201434106,17443.3381649222,-43759.6239203286,-2539.04322480845,-4004.61872066544,18903.7797214817,4379.76905069974,2049.11294478358,33.0536579868978,30.1619335169262,1522.22116552429,308.693831277514,19.7038615709052,206.129575415308,736.605906785221,160.859224132809,33.878093121773,,,610.072549842139,-169.866567509764,
202404,2024-04-30 00:00:00,Online,Cox.com,2024LRP,209461.769083584,2408810.34446122,-1210546.59726424,-338273.127953208,-95370.5013346034,884199.156117955,100405.316353762,102129.602875978,1155.45401043493,5705.89017433571,33302.5198697178,35670.5198032821,2276.8416895712,1352.52299072556,22671.7732337937,9056.51518916761,4251.15044970413,,,,-22299.0855335064,
202404,2024-04-30 00:00:00,Field Sales,,2024LRP,9401.4251409765,108116.38912123,-2007.14063323747,-734.27120689317,-24892.0262525374,2210.19744845468,1813.70521478667,4700.59924968939,313.320595455762,8.50226333905812,68.1531085710051,1625.4042430996,103.749207006357,22.0778380075114,64.2309448044693,485.747764477883,811.710796060822,,,3967.23928674913,-4479.61212335822,
202404,2024-04-30 00:00:00,Care,,2024LRP,3375.39178098596,38817.0054813386,-74521.4146296854,-24018.2729897203,-48447.8197391791,416720.663893352,17646.3486443374,-319.249147862782,336.338790929122,375.367826631044,3472.87139793261,398.167254589109,25.4149311439857,241.633739052806,15972.3341772204,20.6029625389352,292.24246720506,,,792.069995451836,-1634.4660442984,
202404,2024-04-30 00:00:00,Field Sales,,2024LRP,28489.9978038808,327634.97474463,-11808.9301220656,-3235.28677355401,-64245.9809996864,16439.8654793225,11201.3587576826,1476.65893477381,777.501081366528,45.8732200351888,290.189171545365,4157.2685562541,265.357567420475,137.864673674705,337.43595684659,1655.95695260145,2329.860771347,,,8147,-2888.14163440915,
202404,2024-04-30 00:00:00,Retail,,2024LRP,13485.1276628204,155078.968122434,-91755.8466440989,-60044.1347309489,-217416.001201794,32093.3541847414,15714.2466684897,1609.95130851439,1989.98896230174,917.252886436096,3054.00814323435,1819.46496588538,116.136061652258,209.276201020289,1461.71707494881,540.142135564642,,,,3662.88,,
202405,2024-05-31 00:00:00,Online,Cox.com,2024LRP,,,,,,,,,,,,,,,,,,,,15632.1009819258,,
202405,2024-05-31 00:00:00,Online,Cox.com,2024LRP,,,,,,,,,,,,,,,,,,,,43918.7599016011,,
202405,2024-05-31 00:00:00,Lead Referral,,2024LRP,12841.0811341677,147672.433042929,-4636.28216894192,-26263.9990909988,-43531.3043280311,11630.5074288771,1620.46660124842,-73.8212153227333,503.480432771297,291.304337743998,116.293684947885,2419.85534420117,154.458851757522,68.2074675829385,326.791254481109,8.77108558532009,3033.63574792995,,,1089.61478522973,-880.508540655605,
202405,2024-05-31 00:00:00,Other,,2024LRP,8815.93822944862,101383.289638659,-1112642.62526187,-89021.3392851984,-154648.015612172,160609.687760904,17497.7638486787,-75746.3591706513,1278.08277365432,2274.8445825824,17931.387997774,1201.70851735523,76.7047989801214,351.004712664573,6039.31062507838,202.405149853408,514.057108781924,,,1013.45622815888,-40939.9570458127,
202405,2024-05-31 00:00:00,Sales Operations,,2024LRP,161.319433860608,1855.173489397,-5580.57301879036,-16098.3346308874,-59643.5619419859,66467.0867307738,268.32299191431,-54273.0874308273,805.379187704071,217.997464597483,176.105767794151,14.7161307883606,0.939327497129404,5.32040288398715,4860.00188122661,2.65715278542674,36.9694597973652,,,33.3307795906652,-3717.83856423263,
202405,2024-05-31 00:00:00,Inbound,,2024LRP,162602.946027641,1869933.87931788,-41833.0776032455,-8787.92800020125,-544057.448516971,386725.784137061,247117.229448268,-1373.32009734014,6031.67903012164,219.041076774707,1340.80376933479,19413.82,1239.18,3208.48129639403,10343.0271232164,13733.2009734014,8681.35875809298,,,46357.467197326,-15291.5019142293,
202405,2024-05-31 00:00:00,Retail,,2024LRP,136001.682328467,1564019.34677737,-685343.657812491,-822116.428369756,-3043696.33551976,333774.450020439,191667.207869372,31081.1692371216,25298.7809452228,9461.5770326822,19756.2311274861,17649.8759372596,1126.58782578253,2698.77791987287,12734.6222823517,4680.75357979154,10340.2039034707,,,36634.2861582302,-45975.3804210247,
202405,2024-05-31 00:00:00,Retention,,2024LRP,18429.4528615512,211938.707907839,-2234670.80858034,-906197.220674216,-5357344.66732197,501580.252046416,42070.2708927767,-37009.03826245,48616,10407.6860075137,50432.6519652525,2326.4876204055,148.499209813117,1255.92427041457,11999.527560919,2799.47339352874,703.352122574992,,,6148.38571294771,-86910.7594913274,
202405,2024-05-31 00:00:00,Outbound,,2024LRP,1651.35678202341,18990.6029932693,-35094.8469875394,-2631.12489776172,-4862.3920069739,20443.4947458753,5007.59680046651,2778.05975954101,38.0711234466729,33.1318428497754,1214.83976608423,370.93179485328,23.6764975438264,260.228838472685,856.495159753583,181.936933914256,36.413479768612,,,635.245446316208,-180.126634147816,
202405,2024-05-31 00:00:00,Online,Cox.com,2024LRP,207986.90643367,2391849.42398721,-1004327.62456823,-342447.041836476,-120539.987569725,711302.216474282,97435.1600413223,87837.7030713968,1460.08609680637,5329.08561837031,27217.5508013072,36650.3621864971,2339.38482041471,1433.08074777647,18238.5183711354,10069.8628348402,4557.06606054552,,,,-23645.96683508,
202405,2024-05-31 00:00:00,Field Sales,,2024LRP,9622.69173747016,110660.954980907,-1741.87360792378,-581.056115864803,-36037.2354244797,1696.53330585007,1590.55628375313,5025.46717988144,447.233888483777,7.34704129654455,57.2111964725118,1668.07036026875,106.472576187367,20.3844916752974,54.6245879403839,494.174003846752,868.524068260034,,,3739.37806877354,-4750.18401735755,
202405,2024-05-31 00:00:00,Care,,2024LRP,3422.25121730914,39355.8889990552,-60558.6088239477,-22616.2952205894,-59946.1166597968,339750.83292778,17750.6113958304,-392.073366530553,406.318912990927,334.605386047405,2753.01056232249,404.62015490879,25.8268183984334,248.891375588676,13705.577373881,22.925626315431,313.894293996381,,,1357.57049526417,-1733.18900537296,
202405,2024-05-31 00:00:00,Field Sales,,2024LRP,27458.5125539323,315772.894370223,-11659.8850004932,-3870.89950673308,-81141.0635169687,13009.6017469194,10263.5266134111,2536.17246098038,945.47964946363,48.0022260259559,285.521622199481,3947.39847662032,251.961604890659,138.034531745617,287.551811257224,1582.27368976458,2485.55083526794,,,8523,-3062.58753075934,
202405,2024-05-31 00:00:00,Retail,,2024LRP,13504.755751413,155304.691141249,-82301.1983312474,-60352.7804883532,-274719.972376405,28965.677810151,16555.887953448,2032.00277497231,2495.94290067211,856.529761941158,2633.19564640184,1868.15257922183,119.243781652458,217.665939385321,1361.51979012711,528.994961545264,,,,3704.16,,
202406,2024-06-30 00:00:00,Online,Cox.com,2024LRP,,,,,,,,,,,,,,,,,,,,16556.4815197665,,
202406,2024-06-30 00:00:00,Online,Cox.com,2024LRP,,,,,,,,,,,,,,,,,,,,46515.829031725,,
202406,2024-06-30 00:00:00,Lead Referral,,2024LRP,14127.5141789835,162466.41305831,-6868.86788433631,-14682.5180677208,-45320.953805344,12294.2234343351,1202.08475966727,-4.97982520599289,503.773718920634,288.437731665489,169.588052018537,2192.12819977833,139.923076581596,43.7290703381841,253.324642867497,12.267817569508,3307.42483316081,,,1147.78696068297,-984.306247418405,
202406,2024-06-30 00:00:00,Other,,2024LRP,9796.85913171481,112663.88001472,-1038862.0203784,-127352.246050838,-164607.731656547,216781.587336838,14271.168016796,-74302.2812768399,1527.92428239919,3082.85070264061,23088.720380916,1237.22001249077,78.9714901589858,289.859135005544,8248.54922149684,204.210248335943,542.603293747167,,,1009.40281385645,-45766.1154078415,
202406,2024-06-30 00:00:00,Sales Operations,,2024LRP,143.416745039434,1649.29256795349,-8598.17178744189,-20327.5645889699,-72455.6009299547,82188.9030668343,184.317153613787,-70051.6661893277,936.138564681008,283.015656326642,250.438231686087,13.7329997559619,0.87657445250821,4.71509241290692,6161.24021564446,3.97024703410378,40.2843503313899,,,35.1102377850882,-4156.1115613285,
202406,2024-06-30 00:00:00,Inbound,,2024LRP,173233.066807995,1992180.26829195,-65186.9369883041,-12270.1652391172,-638000.49522609,486931.631074067,188078.014688653,44885.7465195411,6816.24460711634,289.527259063643,1974.76331379292,20365.1,1299.9,2419.32100191218,12185.4762531048,14479.2730708197,9240.22580299957,,,49282.9499887924,-17094.1225117241,
202406,2024-06-30 00:00:00,Retail,,2024LRP,155480.832164689,1788029.56989393,-968621.216221784,-1004856.78780323,-3640520.86488781,465454.345684423,149838.596829902,33013.6862163008,30565.2707108557,11941.3274679571,29476.5052193598,20049.198279153,1279.73606037147,2078.96514016768,16159.2990940742,4707.71820050875,11073.3674032807,,,38192.8359677696,-51395.133705526,
202406,2024-06-30 00:00:00,Retention,,2024LRP,22068.5206830513,253787.98785509,-2310415.7254879,-1064729.60215944,-5827672.15529665,815117.949350158,29521.0906448158,-18943.4991727285,54497,12971.8518781608,73580.1186461115,2834.77169688081,180.942874268988,928.723962707054,15654.2721211861,1717.1788081804,745.042378434702,,,7131.58670911402,-97156.131468635,
202406,2024-06-30 00:00:00,Outbound,,2024LRP,2086.75954057167,23997.7347165742,-48747.623057103,-3603.61812493589,-4503.79820374164,30619.3595144655,4315.96845489386,3001.91007191631,36.6937426518372,45.4510570607539,1686.03944484189,467.004821657474,29.8088184036686,224.556152829316,1241.52088671879,170.411730135614,39.718735412993,,,669.159826021681,-201.360649138203,
202406,2024-06-30 00:00:00,Online,Cox.com,2024LRP,239046.89051476,2749039.24091974,-1559272.51181397,-411085.547686549,-141538.54808493,836169.53550187,77075.2623411052,74995.159686918,1691.28430405511,6605.17538525792,43720.7507966115,41740.8722800034,2664.31099659597,1117.25984804023,21034.813019214,10774.0620366048,4927.85307606723,,,,-26433.4436377957,
202406,2024-06-30 00:00:00,Field Sales,,2024LRP,10949.3134909379,125917.105145786,-2364.14363246047,-571.398248850383,-46482.0896232748,2072.88207290776,1365.03887075548,7372.72063393314,589.153592164031,7.28671654414814,80.4980713701165,1897.91593211337,121.143570134896,17.5340404828763,66.5780774113663,502.904354119196,939.486556962491,,,3975.58267600657,-5310.15383586253,
202406,2024-06-30 00:00:00,Care,,2024LRP,4576.05266354811,52624.6056308033,-87668.6890760496,-29150.2969127912,-70567.1301833982,411950.085527312,14216.1015101202,-340.21631126163,479.794765707476,433.897868727555,3897.73476009845,518.515247749329,33.0967179414465,199.590768299157,17640.4092960703,25.4823723295617,341.947863336823,,,868.784246219063,-1937.50393911597,
202406,2024-06-30 00:00:00,Field Sales,,2024LRP,29749.8156063596,342122.879473135,-26532.5598287719,-5370.43735393441,-101880.89903273,17201.72449473,7198.96221992082,3507.65298434431,1192.95149231125,66.4610987652036,538.28443108055,4245.967590455,271.019207901383,95.8918279878791,387.016407105862,1519.18734087095,2673.79140852986,,,8872,-3423.61703561397,
202406,2024-06-30 00:00:00,Retail,,2024LRP,15148.7936898764,174211.127433579,-135128.540620354,-77873.3272190331,-335469.133588098,37785.5564945026,12108.6456029458,1024.56939270573,3044.92117388702,1086.56026253514,4213.98190996185,2078.0790554638,132.643343965774,158.955612274604,1759.89893167178,506.018730732921,,,,3989.76,,
202407,2024-07-31 00:00:00,Online,Cox.com,2024LRP,,,,,,,,,,,,,,,,,,,,16949.7381027073,,
202407,2024-07-31 00:00:00,Online,Cox.com,2024LRP,,,,,,,,,,,,,,,,,,,,47620.6927647492,,
202407,2024-07-31 00:00:00,Lead Referral,,2024LRP,22088.8399529449,254021.659458866,-5787.82684794286,-11820.8480617142,-38109.6738621041,11063.2901073682,1550.2917673379,-87.7086936277949,396.508644329687,279.672740025024,142.837134424288,4493.9379944259,286.847106027186,49.339934140019,183.822397541163,11.288389198229,3432.84432207216,,,982.723023382709,-971.960640457898,
202407,2024-07-31 00:00:00,Other,,2024LRP,9612.54928495082,110544.316776934,-587999.077490592,-120519.986591673,-194511.29325106,232266.277301625,16666.7981172477,-58008.7019604877,1766.477040585,2931.18353816081,11126.5620574329,1161.09463308283,74.1124233882658,322.47178633436,8761.18288572343,209.82874193224,556.880438327849,,,841.166414368666,-45192.0964229816,
202407,2024-07-31 00:00:00,Sales Operations,,2024LRP,197.742740081142,2274.04151093313,-7423.19197015227,-18316.3263847628,-60756.6777464032,73824.3642866352,236.507704054347,-51209.1452666863,775.079716394322,259.052714110617,198.383133923933,18.2390316959797,1.16419351250935,4.56911805368378,5595.9065408682,4.85318366196217,41.8043177307493,,,35.9151414125803,-4103.98376070268,
202407,2024-07-31 00:00:00,Inbound,,2024LRP,168530.312577303,1938098.59463899,-63204.6404277846,-13085.9340611316,-595549.981655071,331852.659918397,211401.84671992,-39132.2229743049,5994.29814017961,270.955911518171,1781.91130109244,20253.24,1292.76,2871.34175365665,10261.3685812739,15286.0245993379,9493.11856198535,,,50902.8116516102,-16879.7204204868,
202407,2024-07-31 00:00:00,Retail,,2024LRP,167569.438019024,1927048.53721878,-856389.48034094,-883904.271215793,-3304874.84317023,442644.102132934,179978.606574206,30516.6403360014,28127.1337337714,10427.5443157695,24767.0928702136,21472.4601930746,1370.5825655154,2466.98234143232,15025.1583706974,4949.42931337345,11456.6013153701,,,38934.0666666667,-50750.5130683257,
202407,2024-07-31 00:00:00,Retention,,2024LRP,24814.6569167007,285368.554542059,-2247046.36986658,-917867.743296131,-4833995.45797311,899353.853850497,39232.5254895699,-23965.940372822,46468,11190.7796061464,62487.3851464565,3204.09166160505,204.51648903862,1042.30939132758,13705.483905067,1784.00463258517,765.605674093514,,,7356.86491414823,-95937.5560343524,
202407,2024-07-31 00:00:00,Outbound,,2024LRP,2152.48964596262,24753.6309285702,-37959.4606692078,-3228.74993901373,-3893.98733772248,32942.9470351711,4939.99193600301,3855.57769865175,33.6514233071288,39.6703996686121,1298.22424404342,496.493809785333,31.691094241617,239.524381647589,1317.0627791579,168.264578043666,41.2315622210932,,,493.123342216236,-198.835094273452,
202407,2024-07-31 00:00:00,Online,Cox.com,2024LRP,250266.600370694,2878065.90426299,-1439105.89306185,-353338.888307488,-131071.623589186,825517.21600662,86511.6405922044,41432.9731573461,1570.80978275494,5639.32487200296,38509.1918740857,44469.7342383857,2838.49367479058,1270.1366979952,20484.5877233216,11511.9525023429,5101.70531255817,,,,-26101.9036251007,
202407,2024-07-31 00:00:00,Field Sales,,2024LRP,11597.6292964247,133372.736908884,-2418.32488224652,-700.790653690576,-43227.4253243359,1992.47283750902,1680.35129453707,9246.09319673709,537.328320296866,8.92225087678288,77.8579573738877,2009.27811807368,128.251794770661,21.9497154203766,64.7092969897053,503.449455048318,972.492885885231,,,4073.42310583392,-5243.55152349348,
202407,2024-07-31 00:00:00,Care,,2024LRP,5395.30071567133,62045.9582302202,-76937.138074661,-27151.3116351131,-66416.8229040207,384675.734619462,17604.0418620648,-309.207521236128,454.705936212602,408.221255865413,3332.92369005572,579.447276115873,36.9859963478217,263.332884072158,17104.6930304263,26.5976575278883,354.817413401338,,,888.701160355905,-1913.20290254377,
202407,2024-07-31 00:00:00,Field Sales,,2024LRP,31433.8058077018,361488.766788571,-30220.2010105968,-5134.43076168555,-96255.2195371054,18039.5043689273,8636.79568181006,1665.56081870682,1144.37689462407,65.0299142290877,530.305682987315,4426.24958577791,282.526569304973,120.69586123328,392.026223084434,1524.1584954261,2762.44915086539,,,9078,-3380.67650728161,
202407,2024-07-31 00:00:00,Retail,,2024LRP,15250.735669117,175383.460194846,-117231.606726147,-68991.1769785165,-297522.808811184,34765.0675817059,12869.3597512404,1226.19445678427,2714.21758015254,939.536607309636,3586.23157575892,2104.35396170392,134.320465640676,175.640724242646,1605.50585904967,546.665285607391,,,,3874.61333333333,,
202408,2024-08-31 00:00:00,Online,Cox.com,2024LRP,,,,,,,,,,,,,,,,,,,,19306.4155743651,,
202408,2024-08-31 00:00:00,Online,Cox.com,2024LRP,,,,,,,,,,,,,,,,,,,,54241.8342327401,,
202408,2024-08-31 00:00:00,Lead Referral,,2024LRP,21076.4833698229,242379.558752964,-3093.7878983554,-1622.73568348083,-67813.1776612884,9671.54698932227,1475.63643006592,47.1292659316111,749.202513933483,158.133512500488,85.2619554134849,6567.67377397887,419.213219615672,46.6516634121617,135.358984656909,10.5890836327994,3929.64652780419,,,1302.72666655426,-1032.85115921034,
202408,2024-08-31 00:00:00,Other,,2024LRP,9436.79342652414,108523.124405028,-316092.811236423,-130048.908758156,-185404.106037373,266917.116542602,15733.1244995463,-29753.9845234093,1796.28072617787,3106.40704158821,7070.09301394398,1222.69865214599,78.0445948178294,317.444933445463,10220.3226170322,190.876665133772,591.264795752592,,,933.319050493453,-48023.2503608711,
202408,2024-08-31 00:00:00,Sales Operations,,2024LRP,223.589778538807,2571.28245319628,-7201.06936576306,-19773.9478816426,-62358.4275730041,79156.8012757089,335.765936486716,-45443.7133802034,803.361731808193,268.25617560334,174.560971927191,20.1183185292743,1.28414799123028,4.21398868845845,5873.79750497588,4.54394370242967,47.79821192618,,,39.8497670721745,-4361.08645574913,
202408,2024-08-31 00:00:00,Inbound,,2024LRP,178285.972870143,2050288.68800665,-56238.5117001956,-14321.3608886827,-565333.478324088,342851.220278288,210501.753316482,-24179.6637798509,5779.32404747585,305.424629743713,1566.53235933693,21598.38,1378.62,2880.42902731913,10654.1709222588,14223.3316352064,10318.6419702527,,,55810.3162879626,-17937.1860111876,
202408,2024-08-31 00:00:00,Retail,,2024LRP,179471.193308286,2063918.7230453,-716789.903795719,-899311.947430101,-3026365.29361106,450755.910152609,180389.962614219,26058.3444693807,26026.6549931134,10660.2352830964,20423.8532395327,22836.6179686242,1457.65646608239,2443.1047652973,15144.0294609768,4671.98429615424,12845.5565092737,,,41083.2614065391,-53929.8857085876,
202408,2024-08-31 00:00:00,Retention,,2024LRP,26872.2418466938,309030.781236979,-2039433.12683849,-934056.615928547,-4893872.7506924,830411.313865687,40359.4621715036,-14112.2570145114,47419,11310.9302001519,53402.2814045167,3381.69478096447,215.852858359434,1036.45254677719,13210.4886074719,1644.78519982651,819.996333118298,,,8234.6468753947,-101947.766028063,
202408,2024-08-31 00:00:00,Outbound,,2024LRP,2135.78537330476,24561.5317930048,-34899.529908485,-2703.71263083155,-3209.35325675043,33194.494366933,4020.97819605753,3686.23268886976,30.8272494978091,34.9485317699853,1210.78787924269,547.550397059337,34.950025344213,186.997326286134,1333.34707234828,123.308440271931,47.2475303061325,,,547.146678316737,-211.291536985781,
202408,2024-08-31 00:00:00,Online,Cox.com,2024LRP,268676.807929162,3089783.29118537,-1254939.47764352,-361276.67066779,-148462.082431254,878847.240552987,85600.6996964053,115.867093101073,1724.06843567825,5743.42674325559,33315.8837088095,48119.0820228705,3071.43076741727,1246.32428873233,21937.9116056491,11028.1008936612,5672.51346340079,,,,-27737.1122806795,
202408,2024-08-31 00:00:00,Field Sales,,2024LRP,12659.1085500394,145579.748325452,-2675.14117528659,-1009.81883359037,-37410.5121953571,2671.28826572725,1603.23891831199,10089.3244365943,469.454648413588,12.5340607799536,81.0225794672614,2192.98948939666,139.97805251468,20.6964750816387,80.1411875892401,501.23777626586,1094.01515465804,,,4097.51796492413,-5572.04483801729,
202408,2024-08-31 00:00:00,Care,,2024LRP,5542.59878067639,63739.8859777785,-66850.9403873793,-27348.8509857051,-62599.60294102,405252.552769325,19972.3991972672,-260.461549165353,439.730868172517,423.392529550089,2816.61595487888,586.610475786619,37.4432218587204,318.414619121042,18749.7610377516,22.8561573191205,405.452793811721,,,986.061389265449,-2033.05952262223,
202408,2024-08-31 00:00:00,Field Sales,,2024LRP,33310.8558844855,383074.842671585,-25211.0786878144,-5149.01814989148,-86378.1833747369,18166.6056592891,8611.35711733295,-1374.83101961207,1054.06035652325,69.1003471045381,460.773092706677,4684.0911585906,298.984542037699,118.556129888996,418.736413986344,1426.48901835565,3068.81428852244,,,9814,-3592.46609802636,
202408,2024-08-31 00:00:00,Retail,,2024LRP,16309.3900849038,187557.985976393,-96575.3348122046,-72135.3821935683,-281225.129034104,36296.0554238797,11759.8428742789,-416.356499461196,2558.25135428582,961.140990503244,2995.7426639986,2242.17319791911,143.11743816505,166.254831950391,1574.18367579484,533.031490532681,,,,4010.34666666666,,
202409,2024-09-30 00:00:00,Online,Cox.com,2024LRP,,,,,,,,,,,,,,,,,,,,16653.5007053387,,
202409,2024-09-30 00:00:00,Online,Cox.com,2024LRP,,,,,,,,,,,,,,,,,,,,46788.4067435707,,
202409,2024-09-30 00:00:00,Lead Referral,,2024LRP,7950.8414578179,91434.6767649064,-3675.95647925921,-2266.8427548929,-69249.875850575,8228.69929904493,2503.87166739037,-25.7566691560597,741.208698717874,187.164766444587,74.1102682889326,6785.39450744042,433.110287708962,101.201837378858,111.624100777026,4.92950605857602,3214.35225238116,,,1117.81743135486,-844.092102033408,
202409,2024-09-30 00:00:00,Other,,2024LRP,9318.53128978911,107163.109832575,-322392.651356062,-134467.218848633,-167587.335818402,327524.801582429,15325.2262189237,-4378.13021271156,1777.11483186574,3440.02553860265,6783.77101265378,1299.66856297175,82.9575678492604,339.585919532931,12127.4006639661,188.309373757415,497.160203066961,,,933.319050493453,-39246.7452663515,
202409,2024-09-30 00:00:00,Sales Operations,,2024LRP,195.871019155574,2252.5167202891,-9576.61229832187,-23324.3963015138,-60476.3610019713,83483.8900059392,129.475953061447,-40487.0871731779,794.790050432419,306.520534814724,226.745826605859,17.5091699191703,1.11760659058534,1.43331313352156,6087.59605085743,3.2681688615176,39.114134959357,,,34.1934846444263,-3564.0746498238,
202409,2024-09-30 00:00:00,Inbound,,2024LRP,171669.752450393,1974202.15317952,-73675.5184993794,-15049.2031153037,-524862.153908881,363800.86763127,212681.784327017,-29971.127457401,5837.63934944812,328.80059242525,1997.70928685953,20953.54,1337.46,2903.50558808214,11142.4461755366,13561.5961345706,8567.70434843197,,,44151.58240742,-14659.0696149513,
202409,2024-09-30 00:00:00,Retail,,2024LRP,156239.911767328,1796758.98532427,-750965.175343685,-964401.531580296,-2910097.02228334,473311.500832195,178671.726447563,36158.0548328141,25291.9956742859,11429.2667881049,23908.4742229763,19621.8358621858,1252.45760822462,2439.30850472991,15714.193254721,4576.968966179,10538.9819768312,,,35657.2666666667,-44073.9115062681,
202409,2024-09-30 00:00:00,Retention,,2024LRP,23822.9205846326,273963.586723275,-1638276.47542335,-904923.387582803,-4950306.64353987,863770.075147938,45273.7625193579,-13513.2455296878,47813.645,11661.3838606032,60520.0027862337,2950.5567288862,188.333408226779,1133.82826244322,13147.1853142761,1647.95677191314,687.241544237706,,,7261.39820743323,-83316.2681349257,
202409,2024-09-30 00:00:00,Outbound,,2024LRP,1614.32583012767,18564.7470464682,-47253.9818383616,-2559.80519332627,-3247.64352852136,31817.1571871766,2761.22795493894,3841.61083588567,31.1619106877642,34.1671946578414,1601.18403000863,455.188903217501,29.0546108436703,149.479577025968,1294.53281240151,105.067850690779,38.6329787187078,,,651.687589693771,-172.676881858324,
202409,2024-09-30 00:00:00,Online,Cox.com,2024LRP,246028.914341361,2829332.51492566,-1243536.36566349,-393783.258188085,-145630.363265513,942507.948825678,87083.2719257457,-27834.8427445652,1705.67302957968,6159.45435215299,36096.8466085194,42650.3355489967,2722.36184355299,1253.44557032467,22548.0370532459,11133.9370978261,4712.42509451721,,,,-22668.0070991404,
202409,2024-09-30 00:00:00,Field Sales,,2024LRP,11012.2351698838,126640.704453664,-3932.25303144367,-1176.03098926549,-37173.3825266593,2945.88824524559,2166.53814344234,8350.10313115411,461.797975955667,17.8350305974076,114.117615346304,1895.87609125333,121.013367526809,27.4472121298631,90.2097856696908,481.044310256056,900.499936748624,,,3728.75979674325,-4553.72393011815,
202409,2024-09-30 00:00:00,Care,,2024LRP,4085.12987155268,46978.9935228558,-84233.929408668,-32369.5577658986,-62169.5602840747,422528.438401347,21422.3982460312,14.1213477358884,444.123592544154,491.65660013839,3496.23531099206,433.971214242069,27.7002902707704,366.267579176638,20177.9430289218,20.6496200279632,331.859099063348,,,1822.03,-1661.50705327305,
202409,2024-09-30 00:00:00,Field Sales,,2024LRP,27603.8455329998,317444.223629497,-24500.912058413,-5342.86432612201,-79319.8888253301,19826.81262295,8686.27376499637,-1982.17328538775,985.541041235429,76.9735181526728,543.156102715535,3883.73476168314,247.897963511691,126.232964882129,460.373924898376,1348.03630836143,2537.54720524858,,,8797,-2935.92376125636,
202409,2024-09-30 00:00:00,Retail,,2024LRP,14656.7543450166,168552.674967691,-113077.927764966,-82492.7359798341,-280762.796549327,37873.0766607057,13319.3285789877,-159.738764520833,2559.26793826264,1062.46520250274,3568.47978983601,2011.03632378062,128.364020666848,185.825999782758,1655.99300119203,552.429203463277,,,,3730.02666666666,,
202410,2024-10-31 00:00:00,Online,Cox.com,2024LRP,,,,,,,,,,,,,,,,,,,,16118.5412266625,,
202410,2024-10-31 00:00:00,Online,Cox.com,2024LRP,,,,,,,,,,,,,,,,,,,,45285.4253510994,,
202410,2024-10-31 00:00:00,Lead Referral,,2024LRP,,,,,,,,,,,,,,,,,3132.27591154616,,,1088.74361365049,-818.749486740107,
202410,2024-10-31 00:00:00,Other,,2024LRP,,,,,,,,,,,,,,,,,489.229263600504,,,957.478090300929,-38068.4198627572,
202410,2024-10-31 00:00:00,Sales Operations,,2024LRP,,,,,,,,,,,,,,,,,38.1211588432629,,,33.3041308811516,-3457.06858673009,
202410,2024-10-31 00:00:00,Inbound,,2024LRP,,,,,,,,,,,,,,,,,8366.20419949813,,,44125.2089545172,-14218.9527593208,
202410,2024-10-31 00:00:00,Retail,,2024LRP,,,,,,,,,,,,,,,,,10251.8053740549,,,34988.6666666667,-42750.657585181,
202410,2024-10-31 00:00:00,Retention,,2024LRP,,,,,,,,,,,,,,,,,675.50861101001,,,6886.02670793673,-80814.8205725916,
202410,2024-10-31 00:00:00,Outbound,,2024LRP,,,,,,,,,,,,,,,,,37.6414675388727,,,634.737553264302,-167.492514208822,
202410,2024-10-31 00:00:00,Online,Cox.com,2024LRP,,,,,,,,,,,,,,,,,4635.20048722009,,,,-21987.4337564975,
202410,2024-10-31 00:00:00,Field Sales,,2024LRP,,,,,,,,,,,,,,,,,879.487445077138,,,3518.55145162723,-4417.00511301884,
202410,2024-10-31 00:00:00,Care,,2024LRP,,,,,,,,,,,,,,,,,323.458896677701,,,824.093087055395,-1611.62276463113,
202410,2024-10-31 00:00:00,Field Sales,,2024LRP,,,,,,,,,,,,,,,,,2482.38338131637,,,8946,-2847.77699832286,
202410,2024-10-31 00:00:00,Retail,,2024LRP,,,,,,,,,,,,,,,,,,,,3735.94666666667,,
202411,2024-11-30 00:00:00,Online,Cox.com,2024LRP,,,,,,,,,,,,,,,,,,,,15214.8772363338,,
202411,2024-11-30 00:00:00,Online,Cox.com,2024LRP,,,,,,,,,,,,,,,,,,,,42746.5598544615,,
202411,2024-11-30 00:00:00,Lead Referral,,2024LRP,,,,,,,,,,,,,,,,,2998.59507867485,,,1018.73700174404,-747.002278449527,
202411,2024-11-30 00:00:00,Other,,2024LRP,,,,,,,,,,,,,,,,,457.274345665934,,,895.911899476741,-34732.4753602924,
202411,2024-11-30 00:00:00,Sales Operations,,2024LRP,,,,,,,,,,,,,,,,,36.4807733092939,,,31.162663104674,-3154.12486098253,
202411,2024-11-30 00:00:00,Inbound,,2024LRP,,,,,,,,,,,,,,,,,7842.30531068402,,,44295.3102024075,-12972.9426160244,
202411,2024-11-30 00:00:00,Retail,,2024LRP,,,,,,,,,,,,,,,,,9705.63749436408,,,32326.9666666667,-39004.4075001451,
202411,2024-11-30 00:00:00,Retention,,2024LRP,,,,,,,,,,,,,,,,,633.158648940796,,,4869.53769836873,-73732.9990160694,
202411,2024-11-30 00:00:00,Outbound,,2024LRP,,,,,,,,,,,,,,,,,36.0467128343638,,,593.923696818492,-152.815106163169,
202411,2024-11-30 00:00:00,Online,Cox.com,2024LRP,,,,,,,,,,,,,,,,,4421.08114618767,,,,-20060.6698133727,
202411,2024-11-30 00:00:00,Field Sales,,2024LRP,,,,,,,,,,,,,,,,,837.34613312025,,,3779.90314588568,-4029.94192580866,
202411,2024-11-30 00:00:00,Care,,2024LRP,,,,,,,,,,,,,,,,,309.483044905977,,,771.103600644691,-1470.39588626053,
202411,2024-11-30 00:00:00,Field Sales,,2024LRP,,,,,,,,,,,,,,,,,2354.04807339053,,,8386,-2598.22563643156,
202411,2024-11-30 00:00:00,Retail,,2024LRP,,,,,,,,,,,,,,,,,,,,3649.67253333333,,
202412,2024-12-31 00:00:00,Online,Cox.com,2024LRP,,,,,,,,,,,,,,,,,,,,14676.9208640827,,
202412,2024-12-31 00:00:00,Online,Cox.com,2024LRP,,,,,,,,,,,,,,,,,,,,41235.1586181373,,
202412,2024-12-31 00:00:00,Lead Referral,,2024LRP,,,,,,,,,,,,,,,,,2904.36415874437,,,984.080323919175,-747.665311989178,
202412,2024-12-31 00:00:00,Other,,2024LRP,,,,,,,,,,,,,,,,,442.234264898341,,,865.433640606716,-34763.3036412004,
202412,2024-12-31 00:00:00,Sales Operations,,2024LRP,,,,,,,,,,,,,,,,,35.3335513424068,,,30.1025324001501,-3156.92443821464,
202412,2024-12-31 00:00:00,Inbound,,2024LRP,,,,,,,,,,,,,,,,,7552.69200790199,,,41448.8891025115,-12984.4573012008,
202412,2024-12-31 00:00:00,Retail,,2024LRP,,,,,,,,,,,,,,,,,9396.71941379144,,,31357.6257820718,-39039.0275155224,
202412,2024-12-31 00:00:00,Retention,,2024LRP,,,,,,,,,,,,,,,,,612.443445629257,,,4933.75531981107,-73798.443865084,
202412,2024-12-31 00:00:00,Outbound,,2024LRP,,,,,,,,,,,,,,,,,34.914653682157,,,573.718852802862,-152.950743688883,
202412,2024-12-31 00:00:00,Online,Cox.com,2024LRP,,,,,,,,,,,,,,,,,4294.91584148366,,,,-20078.4755112907,
202412,2024-12-31 00:00:00,Field Sales,,2024LRP,,,,,,,,,,,,,,,,,810.753773148229,,,3715.68058474311,-4033.51887160486,
202412,2024-12-31 00:00:00,Care,,2024LRP,,,,,,,,,,,,,,,,,299.747178224567,,,744.871227606915,-1471.70099846338,
202412,2024-12-31 00:00:00,Field Sales,,2024LRP,,,,,,,,,,,,,,,,,2278.71707363257,,,8513,-2600.53180174087,
202412,2024-12-31 00:00:00,Retail,,2024LRP,,,,,,,,,,,,,,,,,,,,3511.49013333332,,
